-- phpMyAdmin SQL Dump
-- version 5.2.1
-- https://www.phpmyadmin.net/
--
-- Host: 127.0.0.1
-- Generation Time: May 18, 2025 at 11:31 AM
-- Server version: 10.4.32-MariaDB
-- PHP Version: 8.2.12

SET SQL_MODE = "NO_AUTO_VALUE_ON_ZERO";
START TRANSACTION;
SET time_zone = "+00:00";


/*!40101 SET @OLD_CHARACTER_SET_CLIENT=@@CHARACTER_SET_CLIENT */;
/*!40101 SET @OLD_CHARACTER_SET_RESULTS=@@CHARACTER_SET_RESULTS */;
/*!40101 SET @OLD_COLLATION_CONNECTION=@@COLLATION_CONNECTION */;
/*!40101 SET NAMES utf8mb4 */;

--
-- Database: `consultant_booking`
--

-- --------------------------------------------------------

--
-- Table structure for table `appointments`
--

CREATE TABLE `appointments` (
  `id` int(11) NOT NULL,
  `user_id` int(11) NOT NULL,
  `consultant_id` int(11) NOT NULL,
  `availability_id` int(11) NOT NULL,
  `appointment_date` date NOT NULL,
  `appointment_time` time NOT NULL,
  `purpose` text NOT NULL,
  `status` enum('pending','approved','rejected','cancelled') DEFAULT 'pending',
  `created_at` timestamp NOT NULL DEFAULT current_timestamp(),
  `updated_at` timestamp NOT NULL DEFAULT current_timestamp() ON UPDATE current_timestamp()
) ENGINE=InnoDB DEFAULT CHARSET=utf8mb4 COLLATE=utf8mb4_general_ci;

--
-- Dumping data for table `appointments`
--

INSERT INTO `appointments` (`id`, `user_id`, `consultant_id`, `availability_id`, `appointment_date`, `appointment_time`, `purpose`, `status`, `created_at`, `updated_at`) VALUES
(19, 14, 3, 73, '0000-00-00', '00:00:00', '', 'approved', '2025-05-09 01:29:16', '2025-05-09 01:29:51'),
(21, 14, 3, 79, '0000-00-00', '00:00:00', '', 'approved', '2025-05-09 18:49:40', '2025-05-09 19:19:21'),
(22, 14, 3, 90, '0000-00-00', '00:00:00', '', 'cancelled', '2025-05-10 13:14:06', '2025-05-11 08:30:10'),
(23, 14, 3, 83, '0000-00-00', '00:00:00', '', 'approved', '2025-05-11 01:11:21', '2025-05-11 01:27:20'),
(24, 14, 3, 119, '0000-00-00', '00:00:00', '', 'rejected', '2025-05-11 08:14:14', '2025-05-11 08:18:14'),
(25, 14, 3, 80, '0000-00-00', '00:00:00', '', 'approved', '2025-05-11 08:18:42', '2025-05-11 08:28:24'),
(26, 14, 3, 89, '0000-00-00', '00:00:00', '', 'approved', '2025-05-11 08:29:31', '2025-05-11 08:29:45'),
(27, 14, 3, 91, '0000-00-00', '00:00:00', '', 'approved', '2025-05-11 20:24:42', '2025-05-11 20:25:17'),
(28, 17, 3, 95, '0000-00-00', '00:00:00', '', 'cancelled', '2025-05-14 11:02:37', '2025-05-14 19:21:23'),
(29, 17, 3, 96, '0000-00-00', '00:00:00', '', 'approved', '2025-05-14 11:05:51', '2025-05-14 11:06:10'),
(30, 17, 3, 92, '0000-00-00', '00:00:00', '', 'approved', '2025-05-14 11:10:51', '2025-05-14 11:11:14'),
(31, 17, 3, 93, '0000-00-00', '00:00:00', '', 'approved', '2025-05-14 11:16:58', '2025-05-14 11:17:23'),
(32, 17, 3, 118, '0000-00-00', '00:00:00', '', 'approved', '2025-05-14 11:20:06', '2025-05-14 11:20:20'),
(33, 17, 3, 97, '0000-00-00', '00:00:00', '', 'approved', '2025-05-14 11:27:12', '2025-05-14 11:29:14'),
(34, 17, 3, 117, '0000-00-00', '00:00:00', '', 'approved', '2025-05-14 11:32:56', '2025-05-14 11:33:24'),
(35, 17, 3, 98, '0000-00-00', '00:00:00', '', 'approved', '2025-05-14 11:41:54', '2025-05-14 11:42:16'),
(36, 17, 3, 99, '0000-00-00', '00:00:00', '', 'approved', '2025-05-14 11:46:27', '2025-05-14 11:47:06'),
(37, 14, 3, 100, '0000-00-00', '00:00:00', '', 'cancelled', '2025-05-14 19:13:54', '2025-05-17 11:53:39'),
(38, 14, 3, 71, '2025-05-14', '10:00:00', 'Test feedback', 'cancelled', '2025-05-15 08:53:10', '2025-05-18 06:03:17'),
(39, 14, 3, 71, '2025-05-14', '09:00:00', 'Test feedback', 'approved', '2025-05-15 09:14:19', '2025-05-15 09:14:19'),
(40, 14, 3, 108, '0000-00-00', '00:00:00', '', 'approved', '2025-05-15 09:59:23', '2025-05-15 09:59:53'),
(41, 14, 3, 109, '0000-00-00', '00:00:00', '', 'approved', '2025-05-15 10:14:15', '2025-05-15 10:14:46'),
(42, 14, 3, 101, '0000-00-00', '00:00:00', '', 'approved', '2025-05-16 01:30:34', '2025-05-16 01:30:55'),
(43, 14, 3, 111, '0000-00-00', '00:00:00', '', 'approved', '2025-05-16 01:30:37', '2025-05-16 01:31:00'),
(44, 14, 3, 156, '0000-00-00', '00:00:00', '', 'approved', '2025-05-16 07:39:34', '2025-05-16 07:39:47'),
(45, 14, 4, 158, '0000-00-00', '00:00:00', '', 'approved', '2025-05-16 08:12:02', '2025-05-16 08:12:27'),
(46, 14, 4, 159, '0000-00-00', '00:00:00', '', 'approved', '2025-05-16 08:12:03', '2025-05-16 08:12:30'),
(47, 14, 4, 160, '0000-00-00', '00:00:00', '', 'approved', '2025-05-16 08:12:05', '2025-05-16 08:12:34'),
(48, 17, 5, 162, '0000-00-00', '00:00:00', '', 'approved', '2025-05-16 08:14:25', '2025-05-16 08:15:27'),
(49, 17, 5, 163, '0000-00-00', '00:00:00', '', 'approved', '2025-05-16 08:14:26', '2025-05-16 08:15:30'),
(50, 17, 5, 164, '0000-00-00', '00:00:00', '', 'approved', '2025-05-16 08:14:28', '2025-05-16 08:15:34'),
(51, 14, 3, 168, '0000-00-00', '00:00:00', '', 'rejected', '2025-05-17 07:15:36', '2025-05-17 07:19:01'),
(52, 14, 3, 169, '0000-00-00', '00:00:00', '', 'approved', '2025-05-17 07:22:37', '2025-05-17 07:22:52'),
(53, 14, 3, 170, '0000-00-00', '00:00:00', '', 'approved', '2025-05-17 07:26:46', '2025-05-17 07:27:03'),
(54, 14, 3, 172, '0000-00-00', '00:00:00', '', 'approved', '2025-05-17 11:59:05', '2025-05-17 11:59:29'),
(55, 17, 3, 124, '0000-00-00', '00:00:00', '', '', '2025-05-17 23:22:01', '2025-05-18 07:44:45'),
(56, 17, 3, 157, '0000-00-00', '00:00:00', '', 'cancelled', '2025-05-17 23:26:04', '2025-05-18 01:54:35'),
(57, 17, 3, 102, '0000-00-00', '00:00:00', '', 'approved', '2025-05-17 23:30:20', '2025-05-17 23:30:35'),
(58, 17, 3, 103, '0000-00-00', '00:00:00', '', 'approved', '2025-05-17 23:34:53', '2025-05-17 23:35:10'),
(59, 17, 3, 104, '0000-00-00', '00:00:00', '', 'approved', '2025-05-17 23:44:56', '2025-05-17 23:45:10'),
(60, 17, 3, 107, '0000-00-00', '00:00:00', '', 'approved', '2025-05-17 23:48:15', '2025-05-17 23:48:26'),
(61, 17, 3, 105, '0000-00-00', '00:00:00', '', 'approved', '2025-05-17 23:53:53', '2025-05-17 23:54:07'),
(62, 17, 3, 106, '0000-00-00', '00:00:00', '', 'approved', '2025-05-18 00:00:59', '2025-05-18 00:01:13'),
(63, 17, 3, 166, '0000-00-00', '00:00:00', '', 'approved', '2025-05-18 00:06:11', '2025-05-18 00:06:21'),
(64, 17, 3, 167, '0000-00-00', '00:00:00', '', 'approved', '2025-05-18 00:09:23', '2025-05-18 00:09:33'),
(65, 17, 3, 125, '0000-00-00', '00:00:00', '', 'approved', '2025-05-18 00:11:17', '2025-05-18 00:11:29'),
(66, 17, 3, 126, '0000-00-00', '00:00:00', '', 'approved', '2025-05-18 00:17:31', '2025-05-18 00:17:45'),
(67, 17, 3, 122, '0000-00-00', '00:00:00', '', 'approved', '2025-05-18 00:22:39', '2025-05-18 00:22:59'),
(68, 17, 3, 110, '0000-00-00', '00:00:00', '', 'approved', '2025-05-18 00:29:30', '2025-05-18 00:40:15'),
(69, 17, 3, 121, '0000-00-00', '00:00:00', '', 'approved', '2025-05-18 00:29:36', '2025-05-18 00:29:55'),
(71, 17, 3, 120, '0000-00-00', '00:00:00', '', 'approved', '2025-05-18 00:29:44', '2025-05-18 00:43:52'),
(72, 17, 3, 112, '0000-00-00', '00:00:00', '', 'approved', '2025-05-18 00:47:38', '2025-05-18 00:48:21'),
(73, 17, 3, 113, '0000-00-00', '00:00:00', '', 'approved', '2025-05-18 00:47:41', '2025-05-18 00:52:03'),
(74, 17, 3, 114, '0000-00-00', '00:00:00', '', 'approved', '2025-05-18 00:47:43', '2025-05-18 00:56:39'),
(75, 17, 3, 115, '0000-00-00', '00:00:00', '', 'approved', '2025-05-18 00:47:44', '2025-05-18 01:00:40'),
(76, 17, 3, 116, '0000-00-00', '00:00:00', '', 'approved', '2025-05-18 00:47:46', '2025-05-18 01:04:40'),
(77, 17, 3, 173, '0000-00-00', '00:00:00', '', 'approved', '2025-05-18 01:05:40', '2025-05-18 01:22:31'),
(78, 17, 3, 174, '0000-00-00', '00:00:00', '', 'approved', '2025-05-18 01:05:42', '2025-05-18 01:38:17'),
(79, 17, 3, 175, '0000-00-00', '00:00:00', '', 'approved', '2025-05-18 01:05:44', '2025-05-18 01:45:32'),
(80, 17, 3, 176, '0000-00-00', '00:00:00', '', 'approved', '2025-05-18 01:05:46', '2025-05-18 01:27:13'),
(81, 17, 3, 177, '0000-00-00', '00:00:00', '', '', '2025-05-18 01:05:47', '2025-05-18 01:07:22'),
(82, 17, 3, 178, '0000-00-00', '00:00:00', '', 'approved', '2025-05-18 01:53:26', '2025-05-18 01:53:51'),
(83, 17, 3, 179, '0000-00-00', '00:00:00', '', 'approved', '2025-05-18 01:53:28', '2025-05-18 01:54:15'),
(84, 17, 3, 180, '0000-00-00', '00:00:00', '', 'approved', '2025-05-18 01:53:30', '2025-05-18 01:58:32'),
(85, 17, 3, 181, '0000-00-00', '00:00:00', '', 'approved', '2025-05-18 02:00:14', '2025-05-18 02:00:38'),
(86, 17, 3, 182, '0000-00-00', '00:00:00', '', 'approved', '2025-05-18 02:00:16', '2025-05-18 02:03:06'),
(87, 17, 3, 183, '0000-00-00', '00:00:00', '', 'rejected', '2025-05-18 02:00:17', '2025-05-18 02:04:31'),
(88, 17, 3, 184, '0000-00-00', '00:00:00', '', 'rejected', '2025-05-18 02:00:19', '2025-05-18 02:09:28'),
(89, 20, 3, 171, '0000-00-00', '00:00:00', '', 'approved', '2025-05-18 02:06:30', '2025-05-18 02:06:44'),
(90, 17, 4, 197, '0000-00-00', '00:00:00', '', 'approved', '2025-05-18 06:57:16', '2025-05-18 06:57:29'),
(91, 17, 3, 196, '0000-00-00', '00:00:00', '', '', '2025-05-18 07:38:46', '2025-05-18 07:39:25'),
(92, 17, 3, 193, '0000-00-00', '00:00:00', '', '', '2025-05-18 07:42:15', '2025-05-18 07:43:23'),
(93, 17, 8, 247, '0000-00-00', '00:00:00', '', 'approved', '2025-05-18 09:04:36', '2025-05-18 09:05:01'),
(94, 17, 4, 198, '0000-00-00', '00:00:00', '', 'approved', '2025-05-18 09:22:18', '2025-05-18 09:22:58');

-- --------------------------------------------------------

--
-- Table structure for table `appointment_feedback`
--

CREATE TABLE `appointment_feedback` (
  `id` int(11) NOT NULL,
  `appointment_id` int(11) NOT NULL,
  `user_id` int(11) NOT NULL,
  `consultant_id` int(11) NOT NULL,
  `feedback` text NOT NULL,
  `rating` int(11) NOT NULL CHECK (`rating` between 1 and 5),
  `created_at` timestamp NOT NULL DEFAULT current_timestamp()
) ENGINE=InnoDB DEFAULT CHARSET=utf8mb4 COLLATE=utf8mb4_general_ci;

--
-- Dumping data for table `appointment_feedback`
--

INSERT INTO `appointment_feedback` (`id`, `appointment_id`, `user_id`, `consultant_id`, `feedback`, `rating`, `created_at`) VALUES
(1, 27, 14, 3, 'sasa', 5, '2025-05-15 09:44:27'),
(2, 26, 14, 3, 'sasasasa', 4, '2025-05-15 09:46:29'),
(3, 23, 14, 3, 'Hallo', 4, '2025-05-15 09:47:23'),
(4, 25, 14, 3, 'nice wan boi', 5, '2025-05-15 09:48:38'),
(5, 21, 14, 3, 'It really helpful. Book now!!!', 5, '2025-05-15 09:50:57'),
(6, 19, 14, 3, 'may  9', 4, '2025-05-15 09:53:02'),
(7, 38, 14, 3, 'sasasa', 4, '2025-05-15 09:53:19'),
(8, 39, 14, 3, 'last one', 3, '2025-05-15 09:56:15'),
(9, 47, 14, 4, 'hatdog na may cheese sa loob', 4, '2025-05-18 03:27:47'),
(10, 46, 14, 4, 'gege', 5, '2025-05-18 03:27:51'),
(11, 45, 14, 4, 'lolo', 5, '2025-05-18 03:27:56'),
(12, 50, 17, 5, 'ihhhh', 5, '2025-05-18 07:30:17'),
(13, 49, 17, 5, 'Melo X Torres', 5, '2025-05-18 07:30:26'),
(14, 48, 17, 5, 'HAHAHAHA', 5, '2025-05-18 07:30:31'),
(15, 31, 17, 3, 'Pano na si Duca?', 5, '2025-05-18 07:30:41');

-- --------------------------------------------------------

--
-- Table structure for table `appointment_messages`
--

CREATE TABLE `appointment_messages` (
  `id` int(11) NOT NULL,
  `appointment_id` int(11) NOT NULL,
  `sender_id` int(11) NOT NULL,
  `sender_type` enum('user','consultant') NOT NULL,
  `message` text NOT NULL,
  `is_read` tinyint(1) DEFAULT 0,
  `created_at` datetime DEFAULT current_timestamp()
) ENGINE=InnoDB DEFAULT CHARSET=utf8mb4 COLLATE=utf8mb4_general_ci;

--
-- Dumping data for table `appointment_messages`
--

INSERT INTO `appointment_messages` (`id`, `appointment_id`, `sender_id`, `sender_type`, `message`, `is_read`, `created_at`) VALUES
(1, 21, 3, 'consultant', 'Helo', 0, '2025-05-11 09:35:29'),
(2, 21, 14, 'user', 'Hallo tanginamo', 1, '2025-05-11 09:36:58'),
(3, 21, 3, 'consultant', 'okieee', 0, '2025-05-11 09:42:58'),
(4, 21, 14, 'user', 'aa ay ee\\r\\n', 1, '2025-05-11 09:47:19'),
(5, 23, 3, 'consultant', 'sasaa', 0, '2025-05-11 16:01:20'),
(6, 21, 3, 'consultant', 'sasasa', 0, '2025-05-11 16:01:30'),
(7, 26, 3, 'consultant', 'sasa', 0, '2025-05-11 16:29:59'),
(8, 23, 14, 'user', 'hiiii', 1, '2025-05-12 05:24:50'),
(9, 23, 3, 'consultant', 'hahaha\\r\\n', 0, '2025-05-12 05:35:11'),
(10, 23, 14, 'user', 'ok', 0, '2025-05-12 05:38:38'),
(11, 28, 3, 'consultant', 'Halooo\\r\\n', 0, '2025-05-15 03:16:56'),
(12, 24, 3, 'consultant', 'hyeloooo', 1, '2025-05-15 03:17:10'),
(13, 29, 3, 'consultant', 'Hello May 19 4:10am\\r\\n', 0, '2025-05-15 18:00:14'),
(14, 29, 3, 'consultant', 'helo', 0, '2025-05-15 18:01:22'),
(15, 29, 3, 'consultant', 'sasasasasa', 0, '2025-05-16 14:16:14'),
(16, 44, 3, 'consultant', 'hi  hello\\r\\n', 1, '2025-05-16 15:40:30'),
(17, 44, 14, 'user', 'sasasa', 1, '2025-05-16 15:40:59'),
(18, 24, 14, 'user', 'sasa', 1, '2025-05-18 11:37:41'),
(19, 44, 14, 'user', 'iii', 1, '2025-05-18 11:39:08'),
(20, 24, 14, 'user', 'sasasa', 1, '2025-05-18 11:40:32'),
(21, 24, 3, 'consultant', 'sasasa', 0, '2025-05-18 13:17:25'),
(22, 90, 4, 'consultant', 'haloooo ', 1, '2025-05-18 15:28:45'),
(23, 90, 17, 'user', 'Hallo ', 0, '2025-05-18 15:31:17');

-- --------------------------------------------------------

--
-- Table structure for table `availability`
--

CREATE TABLE `availability` (
  `id` int(11) NOT NULL,
  `consultant_id` int(11) NOT NULL,
  `slot_date` date NOT NULL,
  `slot_time` time NOT NULL,
  `is_booked` tinyint(1) DEFAULT 0,
  `created_at` timestamp NOT NULL DEFAULT current_timestamp(),
  `duration` int(11) DEFAULT 60,
  `appointment_id` int(11) DEFAULT NULL
) ENGINE=InnoDB DEFAULT CHARSET=utf8mb4 COLLATE=utf8mb4_general_ci;

--
-- Dumping data for table `availability`
--

INSERT INTO `availability` (`id`, `consultant_id`, `slot_date`, `slot_time`, `is_booked`, `created_at`, `duration`, `appointment_id`) VALUES
(71, 3, '2025-05-09', '10:00:00', 0, '2025-05-09 01:25:15', 60, NULL),
(73, 3, '2025-05-09', '12:00:00', 1, '2025-05-09 01:25:15', 60, NULL),
(75, 3, '2025-05-10', '10:00:00', 0, '2025-05-09 01:25:15', 60, NULL),
(76, 3, '2025-05-10', '11:00:00', 0, '2025-05-09 01:25:15', 60, NULL),
(77, 3, '2025-05-10', '12:00:00', 0, '2025-05-09 01:25:15', 60, NULL),
(78, 3, '2025-05-11', '09:00:00', 0, '2025-05-09 01:25:15', 60, NULL),
(79, 3, '2025-05-11', '10:00:00', 1, '2025-05-09 01:25:15', 60, NULL),
(80, 3, '2025-05-11', '11:00:00', 1, '2025-05-09 01:25:15', 60, NULL),
(81, 3, '2025-05-11', '12:00:00', 0, '2025-05-09 01:25:15', 60, NULL),
(82, 3, '2025-05-12', '09:00:00', 0, '2025-05-09 01:25:15', 60, NULL),
(83, 3, '2025-05-12', '10:00:00', 1, '2025-05-09 01:25:15', 60, NULL),
(84, 3, '2025-05-12', '11:00:00', 0, '2025-05-09 01:25:15', 60, NULL),
(85, 3, '2025-05-12', '12:00:00', 0, '2025-05-09 01:25:15', 60, NULL),
(86, 3, '2025-05-13', '09:00:00', 0, '2025-05-09 01:25:15', 60, NULL),
(87, 3, '2025-05-13', '10:00:00', 0, '2025-05-09 01:25:15', 60, NULL),
(88, 3, '2025-05-13', '11:00:00', 0, '2025-05-09 01:25:15', 60, NULL),
(89, 3, '2025-05-13', '12:00:00', 1, '2025-05-09 01:25:15', 60, NULL),
(90, 3, '2025-05-14', '09:00:00', 1, '2025-05-09 01:25:15', 60, NULL),
(91, 3, '2025-05-14', '10:00:00', 1, '2025-05-09 01:25:15', 60, NULL),
(92, 3, '2025-05-14', '11:00:00', 1, '2025-05-09 01:25:15', 60, NULL),
(93, 3, '2025-05-14', '12:00:00', 1, '2025-05-09 01:25:15', 60, NULL),
(94, 3, '0000-00-00', '00:00:00', 1, '2025-05-09 01:29:51', 60, 85),
(95, 3, '2025-05-17', '16:00:00', 1, '2025-05-11 08:10:04', 120, NULL),
(96, 3, '2025-05-19', '04:10:00', 1, '2025-05-11 08:10:46', 60, NULL),
(97, 3, '2025-05-19', '05:10:00', 1, '2025-05-11 08:10:46', 60, NULL),
(98, 3, '2025-05-19', '06:10:00', 1, '2025-05-11 08:10:46', 60, NULL),
(99, 3, '2025-05-19', '07:10:00', 1, '2025-05-11 08:10:46', 60, NULL),
(100, 3, '2025-05-19', '08:10:00', 1, '2025-05-11 08:10:46', 60, NULL),
(101, 3, '2025-05-19', '09:10:00', 1, '2025-05-11 08:10:46', 60, NULL),
(102, 3, '2025-05-19', '10:10:00', 1, '2025-05-11 08:10:46', 60, NULL),
(103, 3, '2025-05-19', '11:10:00', 1, '2025-05-11 08:10:46', 60, NULL),
(104, 3, '2025-05-19', '12:10:00', 1, '2025-05-11 08:10:46', 60, NULL),
(105, 3, '2025-05-19', '13:10:00', 1, '2025-05-11 08:10:46', 60, NULL),
(106, 3, '2025-05-19', '14:10:00', 1, '2025-05-11 08:10:46', 60, NULL),
(107, 3, '2025-05-19', '15:10:00', 1, '2025-05-11 08:10:46', 60, NULL),
(108, 3, '2025-05-30', '04:13:00', 1, '2025-05-11 08:13:18', 60, NULL),
(109, 3, '2025-05-30', '05:13:00', 1, '2025-05-11 08:13:18', 60, NULL),
(110, 3, '2025-05-30', '06:13:00', 1, '2025-05-11 08:13:18', 60, NULL),
(111, 3, '2025-05-30', '07:13:00', 1, '2025-05-11 08:13:18', 60, NULL),
(112, 3, '2025-05-30', '08:13:00', 1, '2025-05-11 08:13:18', 60, NULL),
(113, 3, '2025-05-30', '09:13:00', 1, '2025-05-11 08:13:18', 60, NULL),
(114, 3, '2025-05-30', '10:13:00', 1, '2025-05-11 08:13:18', 60, NULL),
(115, 3, '2025-05-30', '11:13:00', 1, '2025-05-11 08:13:18', 60, NULL),
(116, 3, '2025-05-30', '12:13:00', 1, '2025-05-11 08:13:18', 60, NULL),
(117, 3, '2025-05-30', '13:13:00', 1, '2025-05-11 08:13:18', 60, NULL),
(118, 3, '2025-05-30', '14:13:00', 1, '2025-05-11 08:13:18', 60, NULL),
(119, 3, '2025-05-30', '15:13:00', 1, '2025-05-11 08:13:18', 60, NULL),
(120, 3, '2025-05-31', '02:04:00', 1, '2025-05-16 06:04:52', 60, NULL),
(121, 3, '2025-05-26', '02:04:00', 1, '2025-05-16 06:04:52', 60, NULL),
(122, 3, '2025-05-25', '02:05:00', 1, '2025-05-16 06:05:42', 60, NULL),
(123, 3, '0000-00-00', '03:00:00', 0, '2025-05-16 06:06:39', 60, NULL),
(124, 3, '2025-06-01', '02:08:00', 1, '2025-05-16 06:08:19', 120, NULL),
(125, 3, '2025-05-21', '02:10:00', 1, '2025-05-16 06:10:26', 120, NULL),
(126, 3, '2025-05-22', '02:10:00', 1, '2025-05-16 06:11:00', 60, NULL),
(127, 3, '2025-05-17', '02:45:00', 0, '2025-05-16 06:45:57', 60, NULL),
(128, 3, '2025-05-17', '14:00:00', 0, '2025-05-16 06:57:24', 60, NULL),
(129, 3, '2025-05-17', '05:00:00', 0, '2025-05-16 06:58:52', 60, NULL),
(130, 3, '2025-05-16', '20:00:00', 0, '2025-05-16 07:00:46', 60, NULL),
(131, 3, '2025-05-16', '21:00:00', 0, '2025-05-16 07:03:19', 60, NULL),
(132, 3, '2025-05-17', '08:00:00', 0, '2025-05-16 07:11:52', 60, NULL),
(133, 3, '2025-05-17', '10:00:00', 0, '2025-05-16 07:17:17', 60, NULL),
(134, 3, '2025-05-17', '11:00:00', 0, '2025-05-16 07:17:17', 60, NULL),
(135, 3, '2025-05-17', '12:00:00', 0, '2025-05-16 07:17:17', 60, NULL),
(136, 3, '2025-05-17', '13:00:00', 0, '2025-05-16 07:17:17', 60, NULL),
(137, 3, '2025-05-17', '15:00:00', 0, '2025-05-16 07:17:17', 60, NULL),
(138, 3, '2025-05-17', '18:19:00', 0, '2025-05-16 07:19:33', 60, NULL),
(139, 3, '2025-05-17', '19:19:00', 0, '2025-05-16 07:19:33', 60, NULL),
(140, 3, '2025-05-17', '03:22:00', 0, '2025-05-16 07:22:19', 60, NULL),
(141, 3, '2025-05-17', '04:22:00', 0, '2025-05-16 07:22:19', 60, NULL),
(142, 3, '2025-05-17', '05:22:00', 0, '2025-05-16 07:22:19', 60, NULL),
(143, 3, '2025-05-17', '06:22:00', 0, '2025-05-16 07:22:19', 60, NULL),
(144, 3, '2025-05-17', '07:22:00', 0, '2025-05-16 07:22:19', 60, NULL),
(145, 3, '2025-05-17', '08:22:00', 0, '2025-05-16 07:22:19', 60, NULL),
(146, 3, '2025-05-17', '09:22:00', 0, '2025-05-16 07:22:19', 60, NULL),
(147, 3, '2025-05-17', '10:22:00', 0, '2025-05-16 07:22:19', 60, NULL),
(148, 3, '2025-05-17', '11:22:00', 0, '2025-05-16 07:22:19', 60, NULL),
(149, 3, '2025-05-17', '12:22:00', 0, '2025-05-16 07:22:19', 60, NULL),
(150, 3, '2025-05-17', '13:22:00', 0, '2025-05-16 07:22:19', 60, NULL),
(151, 3, '2025-05-17', '14:22:00', 0, '2025-05-16 07:22:19', 60, NULL),
(152, 3, '2025-05-17', '15:22:00', 0, '2025-05-16 07:22:49', 60, NULL),
(153, 3, '2025-05-17', '16:22:00', 0, '2025-05-16 07:22:49', 60, NULL),
(154, 3, '2025-05-17', '17:22:00', 0, '2025-05-16 07:22:49', 60, NULL),
(155, 3, '2025-05-17', '18:22:00', 0, '2025-05-16 07:22:49', 60, NULL),
(156, 3, '2025-05-18', '19:25:00', 1, '2025-05-16 07:25:23', 60, NULL),
(157, 3, '2025-05-18', '20:25:00', 1, '2025-05-16 07:25:23', 60, NULL),
(158, 4, '2025-05-16', '16:20:00', 1, '2025-05-16 08:11:42', 60, NULL),
(159, 4, '2025-05-16', '17:20:00', 1, '2025-05-16 08:11:42', 60, NULL),
(160, 4, '2025-05-16', '18:20:00', 1, '2025-05-16 08:11:42', 60, NULL),
(161, 4, '0000-00-00', '00:00:00', 1, '2025-05-16 08:12:27', 60, 47),
(162, 5, '2025-05-16', '16:20:00', 1, '2025-05-16 08:13:54', 60, NULL),
(163, 5, '2025-05-16', '17:20:00', 1, '2025-05-16 08:13:54', 60, NULL),
(164, 5, '2025-05-16', '18:20:00', 1, '2025-05-16 08:13:54', 60, NULL),
(165, 5, '0000-00-00', '00:00:00', 1, '2025-05-16 08:15:27', 60, 50),
(166, 3, '2025-05-20', '08:05:00', 1, '2025-05-17 07:05:57', 120, NULL),
(167, 3, '2025-05-20', '10:05:00', 1, '2025-05-17 07:05:57', 120, NULL),
(168, 3, '2025-05-20', '15:10:00', 1, '2025-05-17 07:10:54', 30, NULL),
(169, 3, '2025-05-20', '15:20:00', 1, '2025-05-17 07:20:21', 30, NULL),
(170, 3, '2025-05-23', '15:30:00', 1, '2025-05-17 07:26:15', 90, NULL),
(171, 3, '2025-06-01', '15:30:00', 0, '2025-05-17 07:36:01', 30, NULL),
(172, 3, '2025-05-27', '08:00:00', 1, '2025-05-17 11:57:47', 90, NULL),
(173, 3, '2025-05-24', '09:05:00', 1, '2025-05-18 01:05:20', 60, NULL),
(174, 3, '2025-05-24', '10:05:00', 1, '2025-05-18 01:05:20', 60, NULL),
(175, 3, '2025-05-24', '11:05:00', 1, '2025-05-18 01:05:20', 60, NULL),
(176, 3, '2025-05-24', '12:05:00', 1, '2025-05-18 01:05:20', 60, NULL),
(177, 3, '2025-05-24', '13:05:00', 1, '2025-05-18 01:05:20', 60, NULL),
(178, 3, '2025-05-24', '14:05:00', 1, '2025-05-18 01:05:20', 60, NULL),
(179, 3, '2025-05-24', '15:05:00', 1, '2025-05-18 01:05:20', 60, NULL),
(180, 3, '2025-05-24', '16:05:00', 1, '2025-05-18 01:05:20', 60, NULL),
(181, 3, '2025-05-24', '17:05:00', 1, '2025-05-18 01:05:20', 60, NULL),
(182, 3, '2025-05-24', '18:05:00', 1, '2025-05-18 01:05:20', 60, NULL),
(183, 3, '2025-05-24', '19:05:00', 1, '2025-05-18 01:05:20', 60, NULL),
(184, 3, '2025-05-24', '20:05:00', 1, '2025-05-18 01:05:20', 60, NULL),
(189, 3, '2025-05-29', '05:21:00', 0, '2025-05-18 05:21:10', 60, NULL),
(190, 3, '2025-05-29', '06:21:00', 0, '2025-05-18 05:21:10', 60, NULL),
(191, 3, '2025-05-29', '07:21:00', 0, '2025-05-18 05:21:10', 60, NULL),
(192, 3, '2025-05-29', '08:21:00', 0, '2025-05-18 05:21:10', 60, NULL),
(193, 3, '2025-05-29', '09:21:00', 1, '2025-05-18 05:21:10', 60, NULL),
(194, 3, '2025-05-29', '10:21:00', 0, '2025-05-18 05:21:10', 60, NULL),
(195, 3, '2025-05-29', '11:21:00', 0, '2025-05-18 05:21:10', 60, NULL),
(196, 3, '2025-05-29', '12:21:00', 1, '2025-05-18 05:21:10', 60, NULL),
(197, 4, '2025-05-19', '14:00:00', 1, '2025-05-18 06:48:34', 30, NULL),
(198, 4, '2025-05-19', '14:30:00', 1, '2025-05-18 06:48:34', 30, NULL),
(199, 8, '2025-05-28', '04:47:00', 0, '2025-05-18 08:47:40', 60, NULL),
(200, 8, '2025-05-28', '05:47:00', 0, '2025-05-18 08:47:40', 60, NULL),
(201, 8, '2025-05-28', '06:47:00', 0, '2025-05-18 08:47:40', 60, NULL),
(202, 8, '2025-05-28', '07:47:00', 0, '2025-05-18 08:47:40', 60, NULL),
(203, 8, '2025-05-28', '08:47:00', 0, '2025-05-18 08:47:40', 60, NULL),
(204, 8, '2025-05-28', '09:47:00', 0, '2025-05-18 08:47:40', 60, NULL),
(205, 8, '2025-05-28', '10:47:00', 0, '2025-05-18 08:47:40', 60, NULL),
(206, 8, '2025-05-28', '11:47:00', 0, '2025-05-18 08:47:40', 60, NULL),
(207, 8, '2025-05-28', '12:47:00', 0, '2025-05-18 08:47:40', 60, NULL),
(208, 8, '2025-05-28', '13:47:00', 0, '2025-05-18 08:47:40', 60, NULL),
(209, 8, '2025-05-28', '14:47:00', 0, '2025-05-18 08:47:40', 60, NULL),
(210, 8, '2025-05-28', '15:47:00', 0, '2025-05-18 08:47:40', 60, NULL),
(211, 8, '2025-05-29', '04:47:00', 0, '2025-05-18 08:47:40', 60, NULL),
(212, 8, '2025-05-29', '05:47:00', 0, '2025-05-18 08:47:40', 60, NULL),
(213, 8, '2025-05-29', '06:47:00', 0, '2025-05-18 08:47:40', 60, NULL),
(214, 8, '2025-05-29', '07:47:00', 0, '2025-05-18 08:47:40', 60, NULL),
(215, 8, '2025-05-29', '08:47:00', 0, '2025-05-18 08:47:40', 60, NULL),
(216, 8, '2025-05-29', '09:47:00', 0, '2025-05-18 08:47:40', 60, NULL),
(217, 8, '2025-05-29', '10:47:00', 0, '2025-05-18 08:47:40', 60, NULL),
(218, 8, '2025-05-29', '11:47:00', 0, '2025-05-18 08:47:40', 60, NULL),
(219, 8, '2025-05-29', '12:47:00', 0, '2025-05-18 08:47:40', 60, NULL),
(220, 8, '2025-05-29', '13:47:00', 0, '2025-05-18 08:47:40', 60, NULL),
(221, 8, '2025-05-29', '14:47:00', 0, '2025-05-18 08:47:40', 60, NULL),
(222, 8, '2025-05-29', '15:47:00', 0, '2025-05-18 08:47:40', 60, NULL),
(223, 8, '2025-05-30', '04:47:00', 0, '2025-05-18 08:47:40', 60, NULL),
(224, 8, '2025-05-30', '05:47:00', 0, '2025-05-18 08:47:40', 60, NULL),
(225, 8, '2025-05-30', '06:47:00', 0, '2025-05-18 08:47:40', 60, NULL),
(226, 8, '2025-05-30', '07:47:00', 0, '2025-05-18 08:47:40', 60, NULL),
(227, 8, '2025-05-30', '08:47:00', 0, '2025-05-18 08:47:40', 60, NULL),
(228, 8, '2025-05-30', '09:47:00', 0, '2025-05-18 08:47:40', 60, NULL),
(229, 8, '2025-05-30', '10:47:00', 0, '2025-05-18 08:47:40', 60, NULL),
(230, 8, '2025-05-30', '11:47:00', 0, '2025-05-18 08:47:40', 60, NULL),
(231, 8, '2025-05-30', '12:47:00', 0, '2025-05-18 08:47:40', 60, NULL),
(232, 8, '2025-05-30', '13:47:00', 0, '2025-05-18 08:47:40', 60, NULL),
(233, 8, '2025-05-30', '14:47:00', 0, '2025-05-18 08:47:40', 60, NULL),
(234, 8, '2025-05-30', '15:47:00', 0, '2025-05-18 08:47:40', 60, NULL),
(235, 8, '2025-05-31', '04:47:00', 0, '2025-05-18 08:47:40', 60, NULL),
(236, 8, '2025-05-31', '05:47:00', 0, '2025-05-18 08:47:40', 60, NULL),
(237, 8, '2025-05-31', '06:47:00', 0, '2025-05-18 08:47:40', 60, NULL),
(238, 8, '2025-05-31', '07:47:00', 0, '2025-05-18 08:47:40', 60, NULL),
(239, 8, '2025-05-31', '08:47:00', 0, '2025-05-18 08:47:40', 60, NULL),
(240, 8, '2025-05-31', '09:47:00', 0, '2025-05-18 08:47:40', 60, NULL),
(241, 8, '2025-05-31', '10:47:00', 0, '2025-05-18 08:47:40', 60, NULL),
(242, 8, '2025-05-31', '11:47:00', 0, '2025-05-18 08:47:40', 60, NULL),
(243, 8, '2025-05-31', '12:47:00', 0, '2025-05-18 08:47:40', 60, NULL),
(244, 8, '2025-05-31', '13:47:00', 0, '2025-05-18 08:47:40', 60, NULL),
(245, 8, '2025-05-31', '14:47:00', 0, '2025-05-18 08:47:40', 60, NULL),
(246, 8, '2025-05-31', '15:47:00', 0, '2025-05-18 08:47:40', 60, NULL),
(247, 8, '2025-05-27', '04:47:00', 1, '2025-05-18 08:47:40', 60, NULL),
(248, 8, '2025-05-27', '05:47:00', 0, '2025-05-18 08:47:40', 60, NULL),
(249, 8, '2025-05-27', '06:47:00', 0, '2025-05-18 08:47:40', 60, NULL),
(250, 8, '2025-05-27', '07:47:00', 0, '2025-05-18 08:47:40', 60, NULL),
(251, 8, '2025-05-27', '08:47:00', 0, '2025-05-18 08:47:40', 60, NULL),
(252, 8, '2025-05-27', '09:47:00', 0, '2025-05-18 08:47:40', 60, NULL),
(253, 8, '2025-05-27', '10:47:00', 0, '2025-05-18 08:47:40', 60, NULL),
(254, 8, '2025-05-27', '11:47:00', 0, '2025-05-18 08:47:40', 60, NULL),
(255, 8, '2025-05-27', '12:47:00', 0, '2025-05-18 08:47:40', 60, NULL),
(256, 8, '2025-05-27', '13:47:00', 0, '2025-05-18 08:47:40', 60, NULL),
(257, 8, '2025-05-27', '14:47:00', 0, '2025-05-18 08:47:40', 60, NULL),
(258, 8, '2025-05-27', '15:47:00', 0, '2025-05-18 08:47:40', 60, NULL),
(259, 9, '2025-05-28', '04:49:00', 0, '2025-05-18 08:49:18', 60, NULL),
(260, 9, '2025-05-28', '05:49:00', 0, '2025-05-18 08:49:18', 60, NULL),
(261, 9, '2025-05-28', '06:49:00', 0, '2025-05-18 08:49:18', 60, NULL),
(262, 9, '2025-05-28', '07:49:00', 0, '2025-05-18 08:49:18', 60, NULL),
(263, 9, '2025-05-28', '08:49:00', 0, '2025-05-18 08:49:18', 60, NULL),
(264, 9, '2025-05-28', '09:49:00', 0, '2025-05-18 08:49:18', 60, NULL),
(265, 9, '2025-05-28', '10:49:00', 0, '2025-05-18 08:49:18', 60, NULL),
(266, 9, '2025-05-28', '11:49:00', 0, '2025-05-18 08:49:18', 60, NULL),
(267, 9, '2025-05-28', '12:49:00', 0, '2025-05-18 08:49:18', 60, NULL),
(268, 9, '2025-05-28', '13:49:00', 0, '2025-05-18 08:49:18', 60, NULL),
(269, 9, '2025-05-28', '14:49:00', 0, '2025-05-18 08:49:18', 60, NULL),
(270, 9, '2025-05-28', '15:49:00', 0, '2025-05-18 08:49:18', 60, NULL),
(271, 9, '2025-05-29', '04:49:00', 0, '2025-05-18 08:49:18', 60, NULL),
(272, 9, '2025-05-29', '05:49:00', 0, '2025-05-18 08:49:18', 60, NULL),
(273, 9, '2025-05-29', '06:49:00', 0, '2025-05-18 08:49:18', 60, NULL),
(274, 9, '2025-05-29', '07:49:00', 0, '2025-05-18 08:49:18', 60, NULL),
(275, 9, '2025-05-29', '08:49:00', 0, '2025-05-18 08:49:18', 60, NULL),
(276, 9, '2025-05-29', '09:49:00', 0, '2025-05-18 08:49:18', 60, NULL),
(277, 9, '2025-05-29', '10:49:00', 0, '2025-05-18 08:49:18', 60, NULL),
(278, 9, '2025-05-29', '11:49:00', 0, '2025-05-18 08:49:18', 60, NULL),
(279, 9, '2025-05-29', '12:49:00', 0, '2025-05-18 08:49:18', 60, NULL),
(280, 9, '2025-05-29', '13:49:00', 0, '2025-05-18 08:49:18', 60, NULL),
(281, 9, '2025-05-29', '14:49:00', 0, '2025-05-18 08:49:18', 60, NULL),
(282, 9, '2025-05-29', '15:49:00', 0, '2025-05-18 08:49:18', 60, NULL),
(283, 9, '2025-05-30', '04:49:00', 0, '2025-05-18 08:49:18', 60, NULL),
(284, 9, '2025-05-30', '05:49:00', 0, '2025-05-18 08:49:18', 60, NULL),
(285, 9, '2025-05-30', '06:49:00', 0, '2025-05-18 08:49:18', 60, NULL),
(286, 9, '2025-05-30', '07:49:00', 0, '2025-05-18 08:49:18', 60, NULL),
(287, 9, '2025-05-30', '08:49:00', 0, '2025-05-18 08:49:18', 60, NULL),
(288, 9, '2025-05-30', '09:49:00', 0, '2025-05-18 08:49:18', 60, NULL),
(289, 9, '2025-05-30', '10:49:00', 0, '2025-05-18 08:49:18', 60, NULL),
(290, 9, '2025-05-30', '11:49:00', 0, '2025-05-18 08:49:18', 60, NULL),
(291, 9, '2025-05-30', '12:49:00', 0, '2025-05-18 08:49:18', 60, NULL),
(292, 9, '2025-05-30', '13:49:00', 0, '2025-05-18 08:49:18', 60, NULL),
(293, 9, '2025-05-30', '14:49:00', 0, '2025-05-18 08:49:18', 60, NULL),
(294, 9, '2025-05-30', '15:49:00', 0, '2025-05-18 08:49:18', 60, NULL),
(295, 9, '2025-05-31', '04:49:00', 0, '2025-05-18 08:49:18', 60, NULL),
(296, 9, '2025-05-31', '05:49:00', 0, '2025-05-18 08:49:18', 60, NULL),
(297, 9, '2025-05-31', '06:49:00', 0, '2025-05-18 08:49:18', 60, NULL),
(298, 9, '2025-05-31', '07:49:00', 0, '2025-05-18 08:49:18', 60, NULL),
(299, 9, '2025-05-31', '08:49:00', 0, '2025-05-18 08:49:18', 60, NULL),
(300, 9, '2025-05-31', '09:49:00', 0, '2025-05-18 08:49:18', 60, NULL),
(301, 9, '2025-05-31', '10:49:00', 0, '2025-05-18 08:49:18', 60, NULL),
(302, 9, '2025-05-31', '11:49:00', 0, '2025-05-18 08:49:18', 60, NULL),
(303, 9, '2025-05-31', '12:49:00', 0, '2025-05-18 08:49:18', 60, NULL),
(304, 9, '2025-05-31', '13:49:00', 0, '2025-05-18 08:49:18', 60, NULL),
(305, 9, '2025-05-31', '14:49:00', 0, '2025-05-18 08:49:18', 60, NULL),
(306, 9, '2025-05-31', '15:49:00', 0, '2025-05-18 08:49:18', 60, NULL),
(307, 10, '2025-05-28', '04:52:00', 0, '2025-05-18 08:52:50', 60, NULL),
(308, 10, '2025-05-28', '05:52:00', 0, '2025-05-18 08:52:50', 60, NULL),
(309, 10, '2025-05-28', '06:52:00', 0, '2025-05-18 08:52:50', 60, NULL),
(310, 10, '2025-05-28', '07:52:00', 0, '2025-05-18 08:52:50', 60, NULL),
(311, 10, '2025-05-28', '08:52:00', 0, '2025-05-18 08:52:50', 60, NULL),
(312, 10, '2025-05-28', '09:52:00', 0, '2025-05-18 08:52:50', 60, NULL),
(313, 10, '2025-05-28', '10:52:00', 0, '2025-05-18 08:52:50', 60, NULL),
(314, 10, '2025-05-28', '11:52:00', 0, '2025-05-18 08:52:50', 60, NULL),
(315, 10, '2025-05-28', '12:52:00', 0, '2025-05-18 08:52:50', 60, NULL),
(316, 10, '2025-05-28', '13:52:00', 0, '2025-05-18 08:52:50', 60, NULL),
(317, 10, '2025-05-28', '14:52:00', 0, '2025-05-18 08:52:50', 60, NULL),
(318, 10, '2025-05-28', '15:52:00', 0, '2025-05-18 08:52:50', 60, NULL),
(319, 10, '2025-05-29', '04:52:00', 0, '2025-05-18 08:52:50', 60, NULL),
(320, 10, '2025-05-29', '05:52:00', 0, '2025-05-18 08:52:50', 60, NULL),
(321, 10, '2025-05-29', '06:52:00', 0, '2025-05-18 08:52:50', 60, NULL),
(322, 10, '2025-05-29', '07:52:00', 0, '2025-05-18 08:52:50', 60, NULL),
(323, 10, '2025-05-29', '08:52:00', 0, '2025-05-18 08:52:50', 60, NULL),
(324, 10, '2025-05-29', '09:52:00', 0, '2025-05-18 08:52:50', 60, NULL),
(325, 10, '2025-05-29', '10:52:00', 0, '2025-05-18 08:52:50', 60, NULL),
(326, 10, '2025-05-29', '11:52:00', 0, '2025-05-18 08:52:50', 60, NULL),
(327, 10, '2025-05-29', '12:52:00', 0, '2025-05-18 08:52:50', 60, NULL),
(328, 10, '2025-05-29', '13:52:00', 0, '2025-05-18 08:52:50', 60, NULL),
(329, 10, '2025-05-29', '14:52:00', 0, '2025-05-18 08:52:50', 60, NULL),
(330, 10, '2025-05-29', '15:52:00', 0, '2025-05-18 08:52:50', 60, NULL),
(331, 10, '2025-05-31', '04:52:00', 0, '2025-05-18 08:52:50', 60, NULL),
(332, 10, '2025-05-31', '05:52:00', 0, '2025-05-18 08:52:50', 60, NULL),
(333, 10, '2025-05-31', '06:52:00', 0, '2025-05-18 08:52:50', 60, NULL),
(334, 10, '2025-05-31', '07:52:00', 0, '2025-05-18 08:52:50', 60, NULL),
(335, 10, '2025-05-31', '08:52:00', 0, '2025-05-18 08:52:50', 60, NULL),
(336, 10, '2025-05-31', '09:52:00', 0, '2025-05-18 08:52:50', 60, NULL),
(337, 10, '2025-05-31', '10:52:00', 0, '2025-05-18 08:52:50', 60, NULL),
(338, 10, '2025-05-31', '11:52:00', 0, '2025-05-18 08:52:50', 60, NULL),
(339, 10, '2025-05-31', '12:52:00', 0, '2025-05-18 08:52:50', 60, NULL),
(340, 10, '2025-05-31', '13:52:00', 0, '2025-05-18 08:52:50', 60, NULL),
(341, 10, '2025-05-31', '14:52:00', 0, '2025-05-18 08:52:50', 60, NULL),
(342, 10, '2025-05-31', '15:52:00', 0, '2025-05-18 08:52:50', 60, NULL),
(343, 10, '2025-05-30', '04:52:00', 0, '2025-05-18 08:52:50', 60, NULL),
(344, 10, '2025-05-30', '05:52:00', 0, '2025-05-18 08:52:50', 60, NULL),
(345, 10, '2025-05-30', '06:52:00', 0, '2025-05-18 08:52:50', 60, NULL),
(346, 10, '2025-05-30', '07:52:00', 0, '2025-05-18 08:52:50', 60, NULL),
(347, 10, '2025-05-30', '08:52:00', 0, '2025-05-18 08:52:50', 60, NULL),
(348, 10, '2025-05-30', '09:52:00', 0, '2025-05-18 08:52:50', 60, NULL),
(349, 10, '2025-05-30', '10:52:00', 0, '2025-05-18 08:52:50', 60, NULL),
(350, 10, '2025-05-30', '11:52:00', 0, '2025-05-18 08:52:50', 60, NULL),
(351, 10, '2025-05-30', '12:52:00', 0, '2025-05-18 08:52:50', 60, NULL),
(352, 10, '2025-05-30', '13:52:00', 0, '2025-05-18 08:52:50', 60, NULL),
(353, 10, '2025-05-30', '14:52:00', 0, '2025-05-18 08:52:50', 60, NULL),
(354, 10, '2025-05-30', '15:52:00', 0, '2025-05-18 08:52:50', 60, NULL),
(355, 11, '2025-05-29', '04:56:00', 0, '2025-05-18 08:56:23', 60, NULL),
(356, 11, '2025-05-29', '05:56:00', 0, '2025-05-18 08:56:23', 60, NULL),
(357, 11, '2025-05-29', '06:56:00', 0, '2025-05-18 08:56:23', 60, NULL),
(358, 11, '2025-05-29', '07:56:00', 0, '2025-05-18 08:56:23', 60, NULL),
(359, 11, '2025-05-29', '08:56:00', 0, '2025-05-18 08:56:23', 60, NULL),
(360, 11, '2025-05-29', '09:56:00', 0, '2025-05-18 08:56:23', 60, NULL),
(361, 11, '2025-05-29', '10:56:00', 0, '2025-05-18 08:56:23', 60, NULL),
(362, 11, '2025-05-29', '11:56:00', 0, '2025-05-18 08:56:23', 60, NULL),
(363, 11, '2025-05-29', '12:56:00', 0, '2025-05-18 08:56:23', 60, NULL),
(364, 11, '2025-05-29', '13:56:00', 0, '2025-05-18 08:56:23', 60, NULL),
(365, 11, '2025-05-29', '14:56:00', 0, '2025-05-18 08:56:23', 60, NULL),
(366, 11, '2025-05-29', '15:56:00', 0, '2025-05-18 08:56:23', 60, NULL),
(367, 11, '2025-05-28', '04:56:00', 0, '2025-05-18 08:56:23', 60, NULL),
(368, 11, '2025-05-28', '05:56:00', 0, '2025-05-18 08:56:23', 60, NULL),
(369, 11, '2025-05-28', '06:56:00', 0, '2025-05-18 08:56:23', 60, NULL),
(370, 11, '2025-05-28', '07:56:00', 0, '2025-05-18 08:56:23', 60, NULL),
(371, 11, '2025-05-28', '08:56:00', 0, '2025-05-18 08:56:23', 60, NULL),
(372, 11, '2025-05-28', '09:56:00', 0, '2025-05-18 08:56:23', 60, NULL),
(373, 11, '2025-05-28', '10:56:00', 0, '2025-05-18 08:56:23', 60, NULL),
(374, 11, '2025-05-28', '11:56:00', 0, '2025-05-18 08:56:23', 60, NULL),
(375, 11, '2025-05-28', '12:56:00', 0, '2025-05-18 08:56:23', 60, NULL),
(376, 11, '2025-05-28', '13:56:00', 0, '2025-05-18 08:56:23', 60, NULL),
(377, 11, '2025-05-28', '14:56:00', 0, '2025-05-18 08:56:23', 60, NULL),
(378, 11, '2025-05-28', '15:56:00', 0, '2025-05-18 08:56:23', 60, NULL),
(379, 11, '2025-05-30', '04:56:00', 0, '2025-05-18 08:56:23', 60, NULL),
(380, 11, '2025-05-30', '05:56:00', 0, '2025-05-18 08:56:23', 60, NULL),
(381, 11, '2025-05-30', '06:56:00', 0, '2025-05-18 08:56:23', 60, NULL),
(382, 11, '2025-05-30', '07:56:00', 0, '2025-05-18 08:56:23', 60, NULL),
(383, 11, '2025-05-30', '08:56:00', 0, '2025-05-18 08:56:23', 60, NULL),
(384, 11, '2025-05-30', '09:56:00', 0, '2025-05-18 08:56:23', 60, NULL),
(385, 11, '2025-05-30', '10:56:00', 0, '2025-05-18 08:56:23', 60, NULL),
(386, 11, '2025-05-30', '11:56:00', 0, '2025-05-18 08:56:23', 60, NULL),
(387, 11, '2025-05-30', '12:56:00', 0, '2025-05-18 08:56:23', 60, NULL),
(388, 11, '2025-05-30', '13:56:00', 0, '2025-05-18 08:56:23', 60, NULL),
(389, 11, '2025-05-30', '14:56:00', 0, '2025-05-18 08:56:23', 60, NULL),
(390, 11, '2025-05-30', '15:56:00', 0, '2025-05-18 08:56:23', 60, NULL),
(391, 11, '2025-05-31', '04:56:00', 0, '2025-05-18 08:56:23', 60, NULL),
(392, 11, '2025-05-31', '05:56:00', 0, '2025-05-18 08:56:23', 60, NULL),
(393, 11, '2025-05-31', '06:56:00', 0, '2025-05-18 08:56:23', 60, NULL),
(394, 11, '2025-05-31', '07:56:00', 0, '2025-05-18 08:56:23', 60, NULL),
(395, 11, '2025-05-31', '08:56:00', 0, '2025-05-18 08:56:23', 60, NULL),
(396, 11, '2025-05-31', '09:56:00', 0, '2025-05-18 08:56:23', 60, NULL),
(397, 11, '2025-05-31', '10:56:00', 0, '2025-05-18 08:56:23', 60, NULL),
(398, 11, '2025-05-31', '11:56:00', 0, '2025-05-18 08:56:23', 60, NULL),
(399, 11, '2025-05-31', '12:56:00', 0, '2025-05-18 08:56:23', 60, NULL),
(400, 11, '2025-05-31', '13:56:00', 0, '2025-05-18 08:56:23', 60, NULL),
(401, 11, '2025-05-31', '14:56:00', 0, '2025-05-18 08:56:23', 60, NULL),
(402, 11, '2025-05-31', '15:56:00', 0, '2025-05-18 08:56:23', 60, NULL),
(403, 12, '2025-05-28', '04:58:00', 0, '2025-05-18 08:58:15', 60, NULL),
(404, 12, '2025-05-28', '05:58:00', 0, '2025-05-18 08:58:15', 60, NULL),
(405, 12, '2025-05-28', '06:58:00', 0, '2025-05-18 08:58:15', 60, NULL),
(406, 12, '2025-05-28', '07:58:00', 0, '2025-05-18 08:58:15', 60, NULL),
(407, 12, '2025-05-28', '08:58:00', 0, '2025-05-18 08:58:15', 60, NULL),
(408, 12, '2025-05-28', '09:58:00', 0, '2025-05-18 08:58:15', 60, NULL),
(409, 12, '2025-05-28', '10:58:00', 0, '2025-05-18 08:58:15', 60, NULL),
(410, 12, '2025-05-28', '11:58:00', 0, '2025-05-18 08:58:15', 60, NULL),
(411, 12, '2025-05-28', '12:58:00', 0, '2025-05-18 08:58:15', 60, NULL),
(412, 12, '2025-05-28', '13:58:00', 0, '2025-05-18 08:58:15', 60, NULL),
(413, 12, '2025-05-28', '14:58:00', 0, '2025-05-18 08:58:15', 60, NULL),
(414, 12, '2025-05-28', '15:58:00', 0, '2025-05-18 08:58:15', 60, NULL),
(415, 12, '2025-05-29', '04:58:00', 0, '2025-05-18 08:58:15', 60, NULL),
(416, 12, '2025-05-29', '05:58:00', 0, '2025-05-18 08:58:15', 60, NULL),
(417, 12, '2025-05-29', '06:58:00', 0, '2025-05-18 08:58:15', 60, NULL),
(418, 12, '2025-05-29', '07:58:00', 0, '2025-05-18 08:58:15', 60, NULL),
(419, 12, '2025-05-29', '08:58:00', 0, '2025-05-18 08:58:15', 60, NULL),
(420, 12, '2025-05-29', '09:58:00', 0, '2025-05-18 08:58:15', 60, NULL),
(421, 12, '2025-05-29', '10:58:00', 0, '2025-05-18 08:58:15', 60, NULL),
(422, 12, '2025-05-29', '11:58:00', 0, '2025-05-18 08:58:15', 60, NULL),
(423, 12, '2025-05-29', '12:58:00', 0, '2025-05-18 08:58:15', 60, NULL),
(424, 12, '2025-05-29', '13:58:00', 0, '2025-05-18 08:58:15', 60, NULL),
(425, 12, '2025-05-29', '14:58:00', 0, '2025-05-18 08:58:15', 60, NULL),
(426, 12, '2025-05-29', '15:58:00', 0, '2025-05-18 08:58:15', 60, NULL),
(427, 12, '2025-05-30', '04:58:00', 0, '2025-05-18 08:58:15', 60, NULL),
(428, 12, '2025-05-30', '05:58:00', 0, '2025-05-18 08:58:15', 60, NULL),
(429, 12, '2025-05-30', '06:58:00', 0, '2025-05-18 08:58:15', 60, NULL),
(430, 12, '2025-05-30', '07:58:00', 0, '2025-05-18 08:58:15', 60, NULL),
(431, 12, '2025-05-30', '08:58:00', 0, '2025-05-18 08:58:15', 60, NULL),
(432, 12, '2025-05-30', '09:58:00', 0, '2025-05-18 08:58:15', 60, NULL),
(433, 12, '2025-05-30', '10:58:00', 0, '2025-05-18 08:58:15', 60, NULL),
(434, 12, '2025-05-30', '11:58:00', 0, '2025-05-18 08:58:15', 60, NULL),
(435, 12, '2025-05-30', '12:58:00', 0, '2025-05-18 08:58:15', 60, NULL),
(436, 12, '2025-05-30', '13:58:00', 0, '2025-05-18 08:58:15', 60, NULL),
(437, 12, '2025-05-30', '14:58:00', 0, '2025-05-18 08:58:15', 60, NULL),
(438, 12, '2025-05-30', '15:58:00', 0, '2025-05-18 08:58:15', 60, NULL),
(439, 12, '2025-05-31', '04:58:00', 0, '2025-05-18 08:58:15', 60, NULL),
(440, 12, '2025-05-31', '05:58:00', 0, '2025-05-18 08:58:15', 60, NULL),
(441, 12, '2025-05-31', '06:58:00', 0, '2025-05-18 08:58:15', 60, NULL),
(442, 12, '2025-05-31', '07:58:00', 0, '2025-05-18 08:58:15', 60, NULL),
(443, 12, '2025-05-31', '08:58:00', 0, '2025-05-18 08:58:15', 60, NULL),
(444, 12, '2025-05-31', '09:58:00', 0, '2025-05-18 08:58:15', 60, NULL),
(445, 12, '2025-05-31', '10:58:00', 0, '2025-05-18 08:58:15', 60, NULL),
(446, 12, '2025-05-31', '11:58:00', 0, '2025-05-18 08:58:15', 60, NULL),
(447, 12, '2025-05-31', '12:58:00', 0, '2025-05-18 08:58:15', 60, NULL),
(448, 12, '2025-05-31', '13:58:00', 0, '2025-05-18 08:58:15', 60, NULL),
(449, 12, '2025-05-31', '14:58:00', 0, '2025-05-18 08:58:15', 60, NULL),
(450, 12, '2025-05-31', '15:58:00', 0, '2025-05-18 08:58:15', 60, NULL),
(451, 13, '2025-05-28', '05:00:00', 0, '2025-05-18 09:00:05', 60, NULL),
(452, 13, '2025-05-28', '06:00:00', 0, '2025-05-18 09:00:05', 60, NULL),
(453, 13, '2025-05-28', '07:00:00', 0, '2025-05-18 09:00:05', 60, NULL),
(454, 13, '2025-05-28', '08:00:00', 0, '2025-05-18 09:00:05', 60, NULL),
(455, 13, '2025-05-28', '09:00:00', 0, '2025-05-18 09:00:05', 60, NULL),
(456, 13, '2025-05-28', '10:00:00', 0, '2025-05-18 09:00:05', 60, NULL),
(457, 13, '2025-05-28', '11:00:00', 0, '2025-05-18 09:00:05', 60, NULL),
(458, 13, '2025-05-28', '12:00:00', 0, '2025-05-18 09:00:05', 60, NULL),
(459, 13, '2025-05-28', '13:00:00', 0, '2025-05-18 09:00:05', 60, NULL),
(460, 13, '2025-05-28', '14:00:00', 0, '2025-05-18 09:00:05', 60, NULL),
(461, 13, '2025-05-28', '15:00:00', 0, '2025-05-18 09:00:05', 60, NULL),
(462, 13, '2025-05-28', '16:00:00', 0, '2025-05-18 09:00:05', 60, NULL),
(463, 13, '2025-05-29', '05:00:00', 0, '2025-05-18 09:00:05', 60, NULL),
(464, 13, '2025-05-29', '06:00:00', 0, '2025-05-18 09:00:05', 60, NULL),
(465, 13, '2025-05-29', '07:00:00', 0, '2025-05-18 09:00:05', 60, NULL),
(466, 13, '2025-05-29', '08:00:00', 0, '2025-05-18 09:00:05', 60, NULL),
(467, 13, '2025-05-29', '09:00:00', 0, '2025-05-18 09:00:05', 60, NULL),
(468, 13, '2025-05-29', '10:00:00', 0, '2025-05-18 09:00:05', 60, NULL),
(469, 13, '2025-05-29', '11:00:00', 0, '2025-05-18 09:00:05', 60, NULL),
(470, 13, '2025-05-29', '12:00:00', 0, '2025-05-18 09:00:05', 60, NULL),
(471, 13, '2025-05-29', '13:00:00', 0, '2025-05-18 09:00:05', 60, NULL),
(472, 13, '2025-05-29', '14:00:00', 0, '2025-05-18 09:00:05', 60, NULL),
(473, 13, '2025-05-29', '15:00:00', 0, '2025-05-18 09:00:05', 60, NULL),
(474, 13, '2025-05-29', '16:00:00', 0, '2025-05-18 09:00:05', 60, NULL),
(475, 13, '2025-05-30', '05:00:00', 0, '2025-05-18 09:00:05', 60, NULL),
(476, 13, '2025-05-30', '06:00:00', 0, '2025-05-18 09:00:05', 60, NULL),
(477, 13, '2025-05-30', '07:00:00', 0, '2025-05-18 09:00:05', 60, NULL),
(478, 13, '2025-05-30', '08:00:00', 0, '2025-05-18 09:00:05', 60, NULL),
(479, 13, '2025-05-30', '09:00:00', 0, '2025-05-18 09:00:05', 60, NULL),
(480, 13, '2025-05-30', '10:00:00', 0, '2025-05-18 09:00:05', 60, NULL),
(481, 13, '2025-05-30', '11:00:00', 0, '2025-05-18 09:00:05', 60, NULL),
(482, 13, '2025-05-30', '12:00:00', 0, '2025-05-18 09:00:05', 60, NULL),
(483, 13, '2025-05-30', '13:00:00', 0, '2025-05-18 09:00:05', 60, NULL),
(484, 13, '2025-05-30', '14:00:00', 0, '2025-05-18 09:00:05', 60, NULL),
(485, 13, '2025-05-30', '15:00:00', 0, '2025-05-18 09:00:05', 60, NULL),
(486, 13, '2025-05-30', '16:00:00', 0, '2025-05-18 09:00:05', 60, NULL),
(487, 13, '2025-05-31', '05:00:00', 0, '2025-05-18 09:00:05', 60, NULL),
(488, 13, '2025-05-31', '06:00:00', 0, '2025-05-18 09:00:05', 60, NULL),
(489, 13, '2025-05-31', '07:00:00', 0, '2025-05-18 09:00:05', 60, NULL),
(490, 13, '2025-05-31', '08:00:00', 0, '2025-05-18 09:00:05', 60, NULL),
(491, 13, '2025-05-31', '09:00:00', 0, '2025-05-18 09:00:05', 60, NULL),
(492, 13, '2025-05-31', '10:00:00', 0, '2025-05-18 09:00:05', 60, NULL),
(493, 13, '2025-05-31', '11:00:00', 0, '2025-05-18 09:00:05', 60, NULL),
(494, 13, '2025-05-31', '12:00:00', 0, '2025-05-18 09:00:05', 60, NULL),
(495, 13, '2025-05-31', '13:00:00', 0, '2025-05-18 09:00:05', 60, NULL),
(496, 13, '2025-05-31', '14:00:00', 0, '2025-05-18 09:00:05', 60, NULL),
(497, 13, '2025-05-31', '15:00:00', 0, '2025-05-18 09:00:05', 60, NULL),
(498, 13, '2025-05-31', '16:00:00', 0, '2025-05-18 09:00:05', 60, NULL),
(499, 16, '2025-05-28', '05:13:00', 0, '2025-05-18 09:13:35', 60, NULL),
(500, 16, '2025-05-28', '06:13:00', 0, '2025-05-18 09:13:35', 60, NULL),
(501, 16, '2025-05-28', '07:13:00', 0, '2025-05-18 09:13:35', 60, NULL),
(502, 16, '2025-05-28', '08:13:00', 0, '2025-05-18 09:13:35', 60, NULL),
(503, 16, '2025-05-28', '09:13:00', 0, '2025-05-18 09:13:35', 60, NULL),
(504, 16, '2025-05-28', '10:13:00', 0, '2025-05-18 09:13:35', 60, NULL),
(505, 16, '2025-05-28', '11:13:00', 0, '2025-05-18 09:13:35', 60, NULL),
(506, 16, '2025-05-28', '12:13:00', 0, '2025-05-18 09:13:35', 60, NULL),
(507, 16, '2025-05-28', '13:13:00', 0, '2025-05-18 09:13:35', 60, NULL),
(508, 16, '2025-05-28', '14:13:00', 0, '2025-05-18 09:13:35', 60, NULL),
(509, 16, '2025-05-28', '15:13:00', 0, '2025-05-18 09:13:35', 60, NULL),
(510, 16, '2025-05-28', '16:13:00', 0, '2025-05-18 09:13:35', 60, NULL),
(511, 16, '2025-05-29', '05:13:00', 0, '2025-05-18 09:13:35', 60, NULL),
(512, 16, '2025-05-29', '06:13:00', 0, '2025-05-18 09:13:35', 60, NULL),
(513, 16, '2025-05-29', '07:13:00', 0, '2025-05-18 09:13:35', 60, NULL),
(514, 16, '2025-05-29', '08:13:00', 0, '2025-05-18 09:13:35', 60, NULL),
(515, 16, '2025-05-29', '09:13:00', 0, '2025-05-18 09:13:35', 60, NULL),
(516, 16, '2025-05-29', '10:13:00', 0, '2025-05-18 09:13:35', 60, NULL),
(517, 16, '2025-05-29', '11:13:00', 0, '2025-05-18 09:13:35', 60, NULL),
(518, 16, '2025-05-29', '12:13:00', 0, '2025-05-18 09:13:35', 60, NULL),
(519, 16, '2025-05-29', '13:13:00', 0, '2025-05-18 09:13:35', 60, NULL),
(520, 16, '2025-05-29', '14:13:00', 0, '2025-05-18 09:13:35', 60, NULL),
(521, 16, '2025-05-29', '15:13:00', 0, '2025-05-18 09:13:35', 60, NULL),
(522, 16, '2025-05-29', '16:13:00', 0, '2025-05-18 09:13:35', 60, NULL),
(523, 16, '2025-05-30', '05:13:00', 0, '2025-05-18 09:13:35', 60, NULL),
(524, 16, '2025-05-30', '06:13:00', 0, '2025-05-18 09:13:35', 60, NULL),
(525, 16, '2025-05-30', '07:13:00', 0, '2025-05-18 09:13:35', 60, NULL),
(526, 16, '2025-05-30', '08:13:00', 0, '2025-05-18 09:13:35', 60, NULL),
(527, 16, '2025-05-30', '09:13:00', 0, '2025-05-18 09:13:35', 60, NULL),
(528, 16, '2025-05-30', '10:13:00', 0, '2025-05-18 09:13:35', 60, NULL),
(529, 16, '2025-05-30', '11:13:00', 0, '2025-05-18 09:13:35', 60, NULL),
(530, 16, '2025-05-30', '12:13:00', 0, '2025-05-18 09:13:35', 60, NULL),
(531, 16, '2025-05-30', '13:13:00', 0, '2025-05-18 09:13:35', 60, NULL),
(532, 16, '2025-05-30', '14:13:00', 0, '2025-05-18 09:13:35', 60, NULL),
(533, 16, '2025-05-30', '15:13:00', 0, '2025-05-18 09:13:35', 60, NULL),
(534, 16, '2025-05-30', '16:13:00', 0, '2025-05-18 09:13:35', 60, NULL),
(535, 16, '2025-05-31', '05:13:00', 0, '2025-05-18 09:13:35', 60, NULL),
(536, 16, '2025-05-31', '06:13:00', 0, '2025-05-18 09:13:35', 60, NULL),
(537, 16, '2025-05-31', '07:13:00', 0, '2025-05-18 09:13:35', 60, NULL),
(538, 16, '2025-05-31', '08:13:00', 0, '2025-05-18 09:13:35', 60, NULL),
(539, 16, '2025-05-31', '09:13:00', 0, '2025-05-18 09:13:35', 60, NULL),
(540, 16, '2025-05-31', '10:13:00', 0, '2025-05-18 09:13:35', 60, NULL),
(541, 16, '2025-05-31', '11:13:00', 0, '2025-05-18 09:13:35', 60, NULL),
(542, 16, '2025-05-31', '12:13:00', 0, '2025-05-18 09:13:35', 60, NULL),
(543, 16, '2025-05-31', '13:13:00', 0, '2025-05-18 09:13:35', 60, NULL),
(544, 16, '2025-05-31', '14:13:00', 0, '2025-05-18 09:13:35', 60, NULL),
(545, 16, '2025-05-31', '15:13:00', 0, '2025-05-18 09:13:35', 60, NULL),
(546, 16, '2025-05-31', '16:13:00', 0, '2025-05-18 09:13:35', 60, NULL),
(547, 15, '2025-05-28', '05:15:00', 0, '2025-05-18 09:15:49', 60, NULL),
(548, 15, '2025-05-28', '06:15:00', 0, '2025-05-18 09:15:49', 60, NULL),
(549, 15, '2025-05-28', '07:15:00', 0, '2025-05-18 09:15:49', 60, NULL),
(550, 15, '2025-05-28', '08:15:00', 0, '2025-05-18 09:15:49', 60, NULL),
(551, 15, '2025-05-28', '09:15:00', 0, '2025-05-18 09:15:49', 60, NULL),
(552, 15, '2025-05-28', '10:15:00', 0, '2025-05-18 09:15:49', 60, NULL),
(553, 15, '2025-05-28', '11:15:00', 0, '2025-05-18 09:15:49', 60, NULL),
(554, 15, '2025-05-28', '12:15:00', 0, '2025-05-18 09:15:49', 60, NULL),
(555, 15, '2025-05-28', '13:15:00', 0, '2025-05-18 09:15:49', 60, NULL),
(556, 15, '2025-05-28', '14:15:00', 0, '2025-05-18 09:15:49', 60, NULL),
(557, 15, '2025-05-28', '15:15:00', 0, '2025-05-18 09:15:49', 60, NULL),
(558, 15, '2025-05-28', '16:15:00', 0, '2025-05-18 09:15:49', 60, NULL),
(559, 15, '2025-05-29', '05:15:00', 0, '2025-05-18 09:15:49', 60, NULL),
(560, 15, '2025-05-29', '06:15:00', 0, '2025-05-18 09:15:49', 60, NULL),
(561, 15, '2025-05-29', '07:15:00', 0, '2025-05-18 09:15:49', 60, NULL),
(562, 15, '2025-05-29', '08:15:00', 0, '2025-05-18 09:15:49', 60, NULL),
(563, 15, '2025-05-29', '09:15:00', 0, '2025-05-18 09:15:49', 60, NULL),
(564, 15, '2025-05-29', '10:15:00', 0, '2025-05-18 09:15:49', 60, NULL),
(565, 15, '2025-05-29', '11:15:00', 0, '2025-05-18 09:15:49', 60, NULL),
(566, 15, '2025-05-29', '12:15:00', 0, '2025-05-18 09:15:49', 60, NULL),
(567, 15, '2025-05-29', '13:15:00', 0, '2025-05-18 09:15:49', 60, NULL),
(568, 15, '2025-05-29', '14:15:00', 0, '2025-05-18 09:15:49', 60, NULL),
(569, 15, '2025-05-29', '15:15:00', 0, '2025-05-18 09:15:49', 60, NULL),
(570, 15, '2025-05-29', '16:15:00', 0, '2025-05-18 09:15:49', 60, NULL),
(571, 15, '2025-05-30', '05:15:00', 0, '2025-05-18 09:15:49', 60, NULL),
(572, 15, '2025-05-30', '06:15:00', 0, '2025-05-18 09:15:49', 60, NULL),
(573, 15, '2025-05-30', '07:15:00', 0, '2025-05-18 09:15:49', 60, NULL),
(574, 15, '2025-05-30', '08:15:00', 0, '2025-05-18 09:15:49', 60, NULL),
(575, 15, '2025-05-30', '09:15:00', 0, '2025-05-18 09:15:49', 60, NULL),
(576, 15, '2025-05-30', '10:15:00', 0, '2025-05-18 09:15:49', 60, NULL),
(577, 15, '2025-05-30', '11:15:00', 0, '2025-05-18 09:15:49', 60, NULL),
(578, 15, '2025-05-30', '12:15:00', 0, '2025-05-18 09:15:49', 60, NULL),
(579, 15, '2025-05-30', '13:15:00', 0, '2025-05-18 09:15:49', 60, NULL),
(580, 15, '2025-05-30', '14:15:00', 0, '2025-05-18 09:15:49', 60, NULL),
(581, 15, '2025-05-30', '15:15:00', 0, '2025-05-18 09:15:49', 60, NULL),
(582, 15, '2025-05-30', '16:15:00', 0, '2025-05-18 09:15:49', 60, NULL),
(583, 15, '2025-05-31', '05:15:00', 0, '2025-05-18 09:15:49', 60, NULL),
(584, 15, '2025-05-31', '06:15:00', 0, '2025-05-18 09:15:49', 60, NULL),
(585, 15, '2025-05-31', '07:15:00', 0, '2025-05-18 09:15:49', 60, NULL),
(586, 15, '2025-05-31', '08:15:00', 0, '2025-05-18 09:15:49', 60, NULL),
(587, 15, '2025-05-31', '09:15:00', 0, '2025-05-18 09:15:49', 60, NULL),
(588, 15, '2025-05-31', '10:15:00', 0, '2025-05-18 09:15:49', 60, NULL),
(589, 15, '2025-05-31', '11:15:00', 0, '2025-05-18 09:15:49', 60, NULL),
(590, 15, '2025-05-31', '12:15:00', 0, '2025-05-18 09:15:49', 60, NULL),
(591, 15, '2025-05-31', '13:15:00', 0, '2025-05-18 09:15:49', 60, NULL),
(592, 15, '2025-05-31', '14:15:00', 0, '2025-05-18 09:15:49', 60, NULL),
(593, 15, '2025-05-31', '15:15:00', 0, '2025-05-18 09:15:49', 60, NULL),
(594, 15, '2025-05-31', '16:15:00', 0, '2025-05-18 09:15:49', 60, NULL);

-- --------------------------------------------------------

--
-- Table structure for table `consultants`
--

CREATE TABLE `consultants` (
  `id` int(11) NOT NULL,
  `user_id` int(11) NOT NULL,
  `title` varchar(255) DEFAULT NULL,
  `phone` varchar(50) DEFAULT NULL,
  `profile_photo` varchar(255) DEFAULT NULL,
  `cv_file` varchar(255) DEFAULT NULL,
  `specialty` varchar(255) DEFAULT NULL,
  `hourly_rate` decimal(10,2) DEFAULT NULL,
  `currency` varchar(10) DEFAULT 'USD',
  `rate_description` text DEFAULT NULL,
  `bio` text DEFAULT NULL,
  `payment_info` varchar(255) DEFAULT NULL,
  `is_featured` tinyint(1) DEFAULT 0,
  `status` enum('active','inactive') DEFAULT 'active',
  `experience` varchar(50) DEFAULT NULL,
  `location` varchar(255) DEFAULT NULL,
  `qualification` varchar(255) DEFAULT NULL,
  `description` text DEFAULT NULL,
  `created_at` timestamp NOT NULL DEFAULT current_timestamp(),
  `updated_at` timestamp NOT NULL DEFAULT current_timestamp() ON UPDATE current_timestamp()
) ENGINE=InnoDB DEFAULT CHARSET=utf8mb4 COLLATE=utf8mb4_general_ci;

--
-- Dumping data for table `consultants`
--

INSERT INTO `consultants` (`id`, `user_id`, `title`, `phone`, `profile_photo`, `cv_file`, `specialty`, `hourly_rate`, `currency`, `rate_description`, `bio`, `payment_info`, `is_featured`, `status`, `experience`, `location`, `qualification`, `description`, `created_at`, `updated_at`) VALUES
(3, 16, 'TAETAE', '', 'uploads/profiles/3_1746755586.jpg', 'uploads/cvs/cv_3_1746754999.pdf', 'Network Security', 70.00, 'USD', NULL, 'PROFESSIONAL', NULL, 0, 'active', '2', 'Sa Posu mo!!!', 'LSPU San Pablo City', 'Hahahahahahatdog', '2025-05-09 01:24:14', '2025-05-17 18:23:43'),
(4, 18, 'GARAPAL SA BAYAD', '', 'uploads/profiles/4_1747383671.jpg', NULL, 'Application Security', 999.00, 'USD', NULL, 'Wag mo isipin  yung ibabayad mo, isipin mo ung matutulong ko', NULL, 0, 'active', '33', 'Sa Posu mo!!!', 'LSPU San Pablo City', 'Wag mo isipin  yung ibabayad mo, isipin mo ung matutulong ko', '2025-05-16 05:32:17', '2025-05-17 18:25:36'),
(5, 19, '', '', 'uploads/profiles/5_1747383411.jpg', NULL, 'Cloud Security', 64.96, 'USD', NULL, 'Hiiiiii', NULL, 0, 'active', '10', 'Sa Posu mo!!!', 'LSPU San Pablo City', 'Nag rerelapse kahit 7 ng umaga', '2025-05-16 08:13:21', '2025-05-17 18:26:21'),
(8, 23, 'Senior Security Architect', '', 'uploads/profiles/8_1747557955.jpg', NULL, 'Security Operations', 50.00, 'USD', NULL, 'New consultant', NULL, 0, 'active', '12', '', '', '', '2025-05-18 08:16:57', '2025-05-18 08:47:12'),
(9, 24, '', '', 'uploads/profiles/9_1747558194.jpg', NULL, 'Risk Management', 50.00, 'USD', NULL, 'New consultant', NULL, 0, 'active', '5', '', '', '', '2025-05-18 08:48:53', '2025-05-18 08:49:54'),
(10, 25, '', '', 'uploads/profiles/10_1747558391.jpg', NULL, 'Risk Management', 50.00, 'USD', NULL, 'New consultant', NULL, 0, 'active', '4', '', '', '', '2025-05-18 08:52:29', '2025-05-18 08:53:11'),
(11, 26, '', '', 'uploads/profiles/11_1747558613.jpg', NULL, 'Network Security', 50.00, 'USD', NULL, 'New consultant', NULL, 0, 'active', '2', '', '', '', '2025-05-18 08:55:47', '2025-05-18 08:56:53'),
(12, 27, '', '', 'uploads/profiles/12_1747558723.jpg', NULL, 'Application Security', 50.00, 'USD', NULL, 'New consultant', NULL, 0, 'active', '12', '', '', '', '2025-05-18 08:57:57', '2025-05-18 08:58:43'),
(13, 28, '', '', 'uploads/profiles/13_1747558826.jpg', NULL, 'Cloud Security', 50.00, 'USD', NULL, 'New consultant', NULL, 0, 'active', '7', '', '', '', '2025-05-18 08:59:43', '2025-05-18 09:00:26'),
(14, 29, '', '', 'uploads/profiles/14_1747559216.jpg', NULL, 'Security Operations', 50.00, 'USD', NULL, 'New consultant', NULL, 0, 'active', '32', '', '', '', '2025-05-18 09:01:37', '2025-05-18 09:06:56'),
(15, 30, '', '', 'uploads/profiles/15_1747559419.jpg', NULL, 'Incident Response', 25.00, 'USD', NULL, 'New consultant', NULL, 0, 'active', '2', '', '', '', '2025-05-18 09:08:48', '2025-05-18 09:12:05'),
(16, 31, '', '', 'uploads/profiles/16_1747559635.jpg', NULL, 'Incident Response', 35.00, 'USD', NULL, 'New consultant', NULL, 0, 'active', '1', '', '', '', '2025-05-18 09:13:18', '2025-05-18 09:13:55');

-- --------------------------------------------------------

--
-- Table structure for table `consultant_packages`
--

CREATE TABLE `consultant_packages` (
  `id` int(11) NOT NULL,
  `consultant_id` int(11) NOT NULL,
  `name` varchar(255) NOT NULL,
  `sessions_count` int(11) NOT NULL,
  `price` decimal(10,2) NOT NULL,
  `created_at` timestamp NOT NULL DEFAULT current_timestamp()
) ENGINE=InnoDB DEFAULT CHARSET=utf8mb4 COLLATE=utf8mb4_general_ci;

-- --------------------------------------------------------

--
-- Table structure for table `consultant_specialties`
--

CREATE TABLE `consultant_specialties` (
  `id` int(11) NOT NULL,
  `consultant_id` int(11) NOT NULL,
  `specialty` varchar(255) NOT NULL
) ENGINE=InnoDB DEFAULT CHARSET=utf8mb4 COLLATE=utf8mb4_general_ci;

--
-- Dumping data for table `consultant_specialties`
--

INSERT INTO `consultant_specialties` (`id`, `consultant_id`, `specialty`) VALUES
(15, 3, 'HATDOG');

-- --------------------------------------------------------

--
-- Table structure for table `contact_messages`
--

CREATE TABLE `contact_messages` (
  `id` int(11) NOT NULL,
  `user_id` int(11) DEFAULT NULL,
  `name` varchar(100) NOT NULL,
  `email` varchar(100) NOT NULL,
  `subject` varchar(200) NOT NULL,
  `message` text NOT NULL,
  `created_at` datetime NOT NULL,
  `is_replied` tinyint(1) DEFAULT 0,
  `replied_at` datetime DEFAULT NULL
) ENGINE=InnoDB DEFAULT CHARSET=utf8mb4 COLLATE=utf8mb4_general_ci;

--
-- Dumping data for table `contact_messages`
--

INSERT INTO `contact_messages` (`id`, `user_id`, `name`, `email`, `subject`, `message`, `created_at`, `is_replied`, `replied_at`) VALUES
(1, NULL, 'Riz Ivan G. Verana', 'riz@gmail.com', 'ASSA', 'Hi hello I\'m under the water', '2025-05-10 01:56:46', 1, '2025-05-11 09:53:58'),
(2, NULL, 'ivan', 'hatdog@gmail.com', 'asasa', 'sasa', '2025-05-10 21:12:38', 1, '2025-05-16 16:44:30'),
(3, NULL, 'sasa', 'ivan26@gmail.com', 'asasa', 'HIIII', '2025-05-11 09:02:32', 1, '2025-05-11 09:07:51'),
(4, NULL, 'sasa', 'ivan26@gmail.com', 'asasa', 'HIIII', '2025-05-11 09:07:56', 1, '2025-05-11 09:39:47'),
(5, 14, 'ivan', 'ivan26@gmail.com', 'asasa', 'LALA', '2025-05-11 09:16:57', 1, '2025-05-11 09:18:20'),
(6, 14, 'ivan', 'ivan26@gmail.com', 'TANGA', 'WEHHH', '2025-05-11 09:40:25', 1, '2025-05-11 09:40:41'),
(7, 14, 'ivan', 'ivan26@gmail.com', 'Claim', 'nanalo ako ng jacket!!!', '2025-05-15 03:12:38', 1, '2025-05-15 03:18:05'),
(8, 14, 'ivan', 'ivan26@gmail.com', 'BETA TEST', 'sasasasas', '2025-05-18 11:49:19', 1, '2025-05-18 11:49:36');

-- --------------------------------------------------------

--
-- Table structure for table `message_replies`
--

CREATE TABLE `message_replies` (
  `id` int(11) NOT NULL,
  `message_id` int(11) NOT NULL,
  `reply_content` text NOT NULL,
  `replied_by` int(11) NOT NULL,
  `replied_at` datetime DEFAULT current_timestamp()
) ENGINE=InnoDB DEFAULT CHARSET=utf8mb4 COLLATE=utf8mb4_general_ci;

--
-- Dumping data for table `message_replies`
--

INSERT INTO `message_replies` (`id`, `message_id`, `reply_content`, `replied_by`, `replied_at`) VALUES
(1, 3, 'hii', 15, '2025-05-11 09:07:51'),
(2, 5, 'Halooo', 15, '2025-05-11 09:18:20'),
(3, 4, 'ihhhh', 15, '2025-05-11 09:39:47'),
(4, 6, 'OO  NA', 15, '2025-05-11 09:40:41'),
(5, 1, 'SANAOl\r\n', 15, '2025-05-11 09:53:58'),
(6, 7, 'Wehhhh', 15, '2025-05-15 03:18:05'),
(7, 2, 'sasa', 15, '2025-05-16 16:44:30'),
(8, 8, 'Hallo', 15, '2025-05-18 11:49:36');

-- --------------------------------------------------------

--
-- Table structure for table `users`
--

CREATE TABLE `users` (
  `id` int(11) NOT NULL,
  `name` varchar(255) NOT NULL,
  `email` varchar(255) NOT NULL,
  `password` varchar(255) NOT NULL,
  `role` enum('user','consultant','admin') NOT NULL,
  `created_at` timestamp NOT NULL DEFAULT current_timestamp()
) ENGINE=InnoDB DEFAULT CHARSET=utf8mb4 COLLATE=utf8mb4_general_ci;

--
-- Dumping data for table `users`
--

INSERT INTO `users` (`id`, `name`, `email`, `password`, `role`, `created_at`) VALUES
(1, 'Riz', 'hatdog@gmail.com', '$2y$10$cY7w0wf6PExiV880FyYynuI25lpR.y161g.p9m.4fALBUS6jMK7xy', 'user', '2025-05-03 20:21:24'),
(2, 'Riz', 'veranarizivan26@gmail.com', '$2y$10$pbpIlnXcvfJkc2tSk1LyYOuRBpP1CVtQpQouak.cwXoGn0Hv6Svoq', 'user', '2025-05-03 20:22:38'),
(3, 'Riz', 'vaniverana@gmail.com', '$2y$10$sgrDjssTawJ/7IrkeeWl/OQz62V.foacTzpXEnTCtO82v6JQDMwgW', 'user', '2025-05-03 20:31:27'),
(4, 'Vanri', 'consultant@example.com', '$2y$10$OI3tZHql8rQWrrFfjvCrYuAti8uAHiB00gRKT31DC.mW3iVzDfXi.', 'user', '2025-05-03 20:36:51'),
(5, 'ivan', 'veranarizivan26@sample.com', '$2y$10$KDhyk5G36AAggZr9YwTHBO8tuvCMIStn9zSnyU8AqNjti8pRZaU6.', 'user', '2025-05-04 02:01:49'),
(6, 'Riz', 'sasasa@gmail.com', '$2y$10$oFHJVHjWwNJ2WZ1gYz5nvOLgtHDuF6lQlVZ7gHt4IakeYXNtXAofu', 'user', '2025-05-04 02:17:02'),
(7, 'ivan', 'iii@gmail.com', '$2y$10$QB05NUciJ3WmLuaaMOV80un5ifJe55iD/YSDkN8yOI70lpoDbzlZm', 'user', '2025-05-04 02:19:23'),
(8, '1212', 'john.doe@example.com', '$2y$10$2yayg6zpb6/Y/wPz9lTsROPr0Ov1K1QPQWE2i7YCSLmOPdNh9DXHm', 'user', '2025-05-04 02:22:01'),
(9, 'Vanri', 'lol@gmail.com', '$2y$10$YHC2dDt1SnF5hElca37hpeg0uYOQ5uk74VAX393C/ss0fES0gPkpy', 'user', '2025-05-04 02:25:24'),
(10, 'Riz Ivan G. Verana', 'haha@gmail.com', '$2y$10$BZIFRl/sXaSNNtFoRhWpDeIjrsWA1v8/zbWNoYiHBkd7p5dWf97NS', 'user', '2025-05-04 08:16:58'),
(11, 'Vanrri', 'ivan@gmail.com', '$2y$10$knBF6RjWaw2Nk/CCbtJ.cezBYuuV.0u5M6g8gcqLhWTcWahHtHoCW', 'user', '2025-05-04 08:38:56'),
(14, 'ivan', 'ivan26@gmail.com', '$2y$10$JUGi51pJFoILc0KLEEpYguL54ld7bLxfo.kkyC/CvzKlhGN40BuPO', 'user', '2025-05-08 03:53:22'),
(15, 'Admin', 'Admin@gmail.com', '$2y$10$wNwqpX7AyJq5sXlOd0kiJeRcForh28ITxvAt3loR5XDSi1Xh4Excq', 'admin', '2025-05-08 06:30:23'),
(16, 'Riz Ivan', 'verana@gmail.com', '$2y$10$mpJ3sRDbPm5DtGPvrI.E4eX3ko7BQexlP76gnWV7ls1No4H..uqbK', 'consultant', '2025-05-09 01:24:14'),
(17, 'Riz Ivan G. Verana', 'ryzenshimura@gmail.com', '$2y$10$1iucek3rnbQSzLbBcw6G9eI5hBjSM5066CMjJPXL65nYBdbsV2kQS', 'user', '2025-05-14 11:02:19'),
(18, 'Espinile', 'espinile@gmail.com', '$2y$10$mIqw0PpxCvhjYrR12cE04.ho1.8gif3WS/09MiUQLBde4154c0R..', 'consultant', '2025-05-16 05:32:17'),
(19, 'Aprilene', 'torres@gmail.com', '$2y$10$ex3GxDbxpOGXXQjmsy3UmecR5UylyJl58uxrZICUlzaUtUxXPolgS', 'consultant', '2025-05-16 08:13:21'),
(20, 'LALA', 'torresaprilene@gmail.com', '$2y$10$vuN4sgoi/9fgtCMTJZNGMOBzKVPZ0/NEZsnGRXonnQm1C1oNtmpLq', 'user', '2025-05-18 02:06:16'),
(23, 'Alejandro Santos', 'alejandro.santos28@gmail.com', '$2y$10$W4V85O56zBs4Xhfpwrxs6.EfwfAgoO29OXkl2fqY5xcP2lxSzZIwe', 'consultant', '2025-05-18 08:16:57'),
(24, 'Maria Cristina Reyes', 'reyes@gmail.com', '$2y$10$ZyZezWlQGUibYtmrI.PvJ.zAVjVIgT1FBP1FE8J9vr1x.R7Yb6U2.', 'consultant', '2025-05-18 08:48:53'),
(25, 'Juan Paolo Bautista', 'bautista@gmail.com', '$2y$10$xuaDBAd1xz.87PWPLZLt0uHDC4AhwtRpFqYAFMQoy/TeXq5PrY2IW', 'consultant', '2025-05-18 08:52:29'),
(26, 'Miguel Antonio Lim', 'malim.security@gmail.com', '$2y$10$M70MKTwCXg6tkfZ/RI8X9OfWZ9AlUzvwI7Blk7nvG8/c5R6vHZ9aO', 'consultant', '2025-05-18 08:55:47'),
(27, 'Gabriela Mendoza', 'mendoza@gmail.com', '$2y$10$AqxF1wiUEJD31JTf0DMAEejf/82EB3jmnAZRkvUWAGcHZWulE2gdO', 'consultant', '2025-05-18 08:57:57'),
(28, 'Enrique Domingo Villanueva', 'domicloud@gmail.com', '$2y$10$i135z5KGC4QkBvo0892iv.0n.p8m6bUgOWZIV93rDUtEYBZonfjYW', 'consultant', '2025-05-18 08:59:43'),
(29, 'Rosario Tan', 'rosario.tan@gmail.com', '$2y$10$/ju9WasDvO5TAkmA5r6MG.i6XrFXNv5ssw2FxZPA5Mcx.xCwBOhdu', 'consultant', '2025-05-18 09:01:37'),
(30, 'Fernando Aquino', 'fernandoaquino@gmail.com', '$2y$10$RJGt625/n0FGALbTzVmOBOAaZDKmgm8ZD30jZ04u7CdHHRy4Mb.oe', 'consultant', '2025-05-18 09:08:48'),
(31, 'Camille Delos Santos', 'delosantos@gmail.com', '$2y$10$tJjI1FFgl31Bi24mEdmuHOBhEst9A1t4Hx76ymuiAjVfROaBf.9zy', 'consultant', '2025-05-18 09:13:18');

--
-- Indexes for dumped tables
--

--
-- Indexes for table `appointments`
--
ALTER TABLE `appointments`
  ADD PRIMARY KEY (`id`),
  ADD KEY `user_id` (`user_id`),
  ADD KEY `consultant_id` (`consultant_id`),
  ADD KEY `availability_id` (`availability_id`);

--
-- Indexes for table `appointment_feedback`
--
ALTER TABLE `appointment_feedback`
  ADD PRIMARY KEY (`id`),
  ADD KEY `fk_feedback_appointment` (`appointment_id`),
  ADD KEY `fk_feedback_user` (`user_id`),
  ADD KEY `fk_feedback_consultant` (`consultant_id`);

--
-- Indexes for table `appointment_messages`
--
ALTER TABLE `appointment_messages`
  ADD PRIMARY KEY (`id`),
  ADD KEY `appointment_id` (`appointment_id`);

--
-- Indexes for table `availability`
--
ALTER TABLE `availability`
  ADD PRIMARY KEY (`id`),
  ADD KEY `consultant_id` (`consultant_id`),
  ADD KEY `appointment_id` (`appointment_id`);

--
-- Indexes for table `consultants`
--
ALTER TABLE `consultants`
  ADD PRIMARY KEY (`id`),
  ADD KEY `user_id` (`user_id`);

--
-- Indexes for table `consultant_packages`
--
ALTER TABLE `consultant_packages`
  ADD PRIMARY KEY (`id`),
  ADD KEY `consultant_id` (`consultant_id`);

--
-- Indexes for table `consultant_specialties`
--
ALTER TABLE `consultant_specialties`
  ADD PRIMARY KEY (`id`),
  ADD KEY `consultant_id` (`consultant_id`);

--
-- Indexes for table `contact_messages`
--
ALTER TABLE `contact_messages`
  ADD PRIMARY KEY (`id`);

--
-- Indexes for table `message_replies`
--
ALTER TABLE `message_replies`
  ADD PRIMARY KEY (`id`),
  ADD KEY `message_id` (`message_id`);

--
-- Indexes for table `users`
--
ALTER TABLE `users`
  ADD PRIMARY KEY (`id`),
  ADD UNIQUE KEY `email` (`email`);

--
-- AUTO_INCREMENT for dumped tables
--

--
-- AUTO_INCREMENT for table `appointments`
--
ALTER TABLE `appointments`
  MODIFY `id` int(11) NOT NULL AUTO_INCREMENT, AUTO_INCREMENT=95;

--
-- AUTO_INCREMENT for table `appointment_feedback`
--
ALTER TABLE `appointment_feedback`
  MODIFY `id` int(11) NOT NULL AUTO_INCREMENT, AUTO_INCREMENT=16;

--
-- AUTO_INCREMENT for table `appointment_messages`
--
ALTER TABLE `appointment_messages`
  MODIFY `id` int(11) NOT NULL AUTO_INCREMENT, AUTO_INCREMENT=24;

--
-- AUTO_INCREMENT for table `availability`
--
ALTER TABLE `availability`
  MODIFY `id` int(11) NOT NULL AUTO_INCREMENT, AUTO_INCREMENT=595;

--
-- AUTO_INCREMENT for table `consultants`
--
ALTER TABLE `consultants`
  MODIFY `id` int(11) NOT NULL AUTO_INCREMENT, AUTO_INCREMENT=17;

--
-- AUTO_INCREMENT for table `consultant_packages`
--
ALTER TABLE `consultant_packages`
  MODIFY `id` int(11) NOT NULL AUTO_INCREMENT;

--
-- AUTO_INCREMENT for table `consultant_specialties`
--
ALTER TABLE `consultant_specialties`
  MODIFY `id` int(11) NOT NULL AUTO_INCREMENT, AUTO_INCREMENT=16;

--
-- AUTO_INCREMENT for table `contact_messages`
--
ALTER TABLE `contact_messages`
  MODIFY `id` int(11) NOT NULL AUTO_INCREMENT, AUTO_INCREMENT=9;

--
-- AUTO_INCREMENT for table `message_replies`
--
ALTER TABLE `message_replies`
  MODIFY `id` int(11) NOT NULL AUTO_INCREMENT, AUTO_INCREMENT=9;

--
-- AUTO_INCREMENT for table `users`
--
ALTER TABLE `users`
  MODIFY `id` int(11) NOT NULL AUTO_INCREMENT, AUTO_INCREMENT=33;

--
-- Constraints for dumped tables
--

--
-- Constraints for table `appointments`
--
ALTER TABLE `appointments`
  ADD CONSTRAINT `appointments_ibfk_1` FOREIGN KEY (`user_id`) REFERENCES `users` (`id`) ON DELETE CASCADE,
  ADD CONSTRAINT `appointments_ibfk_2` FOREIGN KEY (`consultant_id`) REFERENCES `consultants` (`id`) ON DELETE CASCADE,
  ADD CONSTRAINT `appointments_ibfk_3` FOREIGN KEY (`availability_id`) REFERENCES `availability` (`id`) ON DELETE CASCADE;

--
-- Constraints for table `appointment_feedback`
--
ALTER TABLE `appointment_feedback`
  ADD CONSTRAINT `appointment_feedback_ibfk_1` FOREIGN KEY (`appointment_id`) REFERENCES `appointments` (`id`) ON DELETE CASCADE,
  ADD CONSTRAINT `appointment_feedback_ibfk_2` FOREIGN KEY (`user_id`) REFERENCES `users` (`id`) ON DELETE CASCADE,
  ADD CONSTRAINT `appointment_feedback_ibfk_3` FOREIGN KEY (`consultant_id`) REFERENCES `consultants` (`id`) ON DELETE CASCADE,
  ADD CONSTRAINT `fk_feedback_appointment` FOREIGN KEY (`appointment_id`) REFERENCES `appointments` (`id`) ON DELETE CASCADE,
  ADD CONSTRAINT `fk_feedback_consultant` FOREIGN KEY (`consultant_id`) REFERENCES `consultants` (`id`) ON DELETE CASCADE,
  ADD CONSTRAINT `fk_feedback_user` FOREIGN KEY (`user_id`) REFERENCES `users` (`id`) ON DELETE CASCADE;

--
-- Constraints for table `appointment_messages`
--
ALTER TABLE `appointment_messages`
  ADD CONSTRAINT `appointment_messages_ibfk_1` FOREIGN KEY (`appointment_id`) REFERENCES `appointments` (`id`) ON DELETE CASCADE;

--
-- Constraints for table `availability`
--
ALTER TABLE `availability`
  ADD CONSTRAINT `availability_ibfk_1` FOREIGN KEY (`consultant_id`) REFERENCES `consultants` (`id`) ON DELETE CASCADE,
  ADD CONSTRAINT `availability_ibfk_2` FOREIGN KEY (`appointment_id`) REFERENCES `appointments` (`id`) ON DELETE SET NULL;

--
-- Constraints for table `consultants`
--
ALTER TABLE `consultants`
  ADD CONSTRAINT `consultants_ibfk_1` FOREIGN KEY (`user_id`) REFERENCES `users` (`id`) ON DELETE CASCADE;

--
-- Constraints for table `consultant_packages`
--
ALTER TABLE `consultant_packages`
  ADD CONSTRAINT `consultant_packages_ibfk_1` FOREIGN KEY (`consultant_id`) REFERENCES `consultants` (`id`) ON DELETE CASCADE;

--
-- Constraints for table `consultant_specialties`
--
ALTER TABLE `consultant_specialties`
  ADD CONSTRAINT `consultant_specialties_ibfk_1` FOREIGN KEY (`consultant_id`) REFERENCES `consultants` (`id`) ON DELETE CASCADE;

--
-- Constraints for table `message_replies`
--
ALTER TABLE `message_replies`
  ADD CONSTRAINT `message_replies_ibfk_1` FOREIGN KEY (`message_id`) REFERENCES `contact_messages` (`id`) ON DELETE CASCADE;
COMMIT;

/*!40101 SET CHARACTER_SET_CLIENT=@OLD_CHARACTER_SET_CLIENT */;
/*!40101 SET CHARACTER_SET_RESULTS=@OLD_CHARACTER_SET_RESULTS */;
/*!40101 SET COLLATION_CONNECTION=@OLD_COLLATION_CONNECTION */;
